{"@context":{"@vocab":"http://openlca.org/schema/v1.0/","@base":"http://openlca.org/schema/v1.0/","modelType":{"@type":"@vocab"},"flowPropertyType":{"@type":"@vocab"},"flowType":{"@type":"@vocab"},"distributionType":{"@type":"@vocab"},"parameterScope":{"@type":"@vocab"},"allocationType":{"@type":"@vocab"},"defaultAllocationMethod":{"@type":"@vocab"},"processType":{"@type":"@vocab"}},"@type":"Flow","@id":"11700b93-5c22-4714-a468-0859f6b46b17","name":"Transformation, from permanent crop, vine, intensive","category":{"@type":"Category","@id":"d4e9a1fa-e2d0-44f1-9243-acc0db978d0f","name":"unspecified"},"version":"00.00.000","flowType":"ELEMENTARY_FLOW","formula":"CORINE 221a","flowProperties":[{"@type":"FlowPropertyFactor","referenceFlowProperty":true,"flowProperty":{"@type":"FlowProperty","@id":"93a60a56-a3c8-19da-a746-0800200c9a66","name":"Area"},"conversionFactor":1.0}]}