{"@context":{"@vocab":"http://openlca.org/schema/v1.0/","@base":"http://openlca.org/schema/v1.0/","modelType":{"@type":"@vocab"},"flowPropertyType":{"@type":"@vocab"},"flowType":{"@type":"@vocab"},"distributionType":{"@type":"@vocab"},"parameterScope":{"@type":"@vocab"},"allocationType":{"@type":"@vocab"},"defaultAllocationMethod":{"@type":"@vocab"},"processType":{"@type":"@vocab"}},"@type":"Flow","@id":"785d44a4-2979-4ea3-8121-aa82a65ba2e5","name":"Occupation, agriculture + forest","description":"characterization factors taken from \"Occupation, arable\" based on oral information from IFEU","category":{"@type":"Category","@id":"0b14d4cc-186e-4bab-a7fc-fffd448b0e2c","name":"land"},"version":"00.00.000","flowType":"ELEMENTARY_FLOW","flowProperties":[{"@type":"FlowPropertyFactor","referenceFlowProperty":true,"flowProperty":{"@type":"FlowProperty","@id":"93a60a56-a3c8-21da-a746-0800200c9a66","name":"Area*time"},"conversionFactor":1.0}]}