{"@context":{"@vocab":"http://openlca.org/schema/v1.0/","@base":"http://openlca.org/schema/v1.0/","modelType":{"@type":"@vocab"},"flowPropertyType":{"@type":"@vocab"},"flowType":{"@type":"@vocab"},"distributionType":{"@type":"@vocab"},"parameterScope":{"@type":"@vocab"},"allocationType":{"@type":"@vocab"},"defaultAllocationMethod":{"@type":"@vocab"},"processType":{"@type":"@vocab"}},"@type":"Flow","@id":"79238018-8ec1-4615-9469-2b0df95a43c3","name":"Water, salt, sole","category":{"@type":"Category","@id":"65632802-cee7-4319-b270-b7dfe66bcabd","name":"in water"},"version":"00.00.000","flowType":"ELEMENTARY_FLOW","cas":"007732-18-5","flowProperties":[{"@type":"FlowPropertyFactor","referenceFlowProperty":true,"flowProperty":{"@type":"FlowProperty","@id":"93a60a56-a3c8-22da-a746-0800200c9a66","name":"Volume"},"conversionFactor":1.0}]}