{"@context":{"@vocab":"http://openlca.org/schema/v1.0/","@base":"http://openlca.org/schema/v1.0/","modelType":{"@type":"@vocab"},"flowPropertyType":{"@type":"@vocab"},"flowType":{"@type":"@vocab"},"distributionType":{"@type":"@vocab"},"parameterScope":{"@type":"@vocab"},"allocationType":{"@type":"@vocab"},"defaultAllocationMethod":{"@type":"@vocab"},"processType":{"@type":"@vocab"}},"@type":"Flow","@id":"c3f83a91-4888-41a4-add9-fd01678a1e5f","name":"Transformation, to arable","category":{"@type":"Category","@id":"0b14d4cc-186e-4bab-a7fc-fffd448b0e2c","name":"land"},"version":"00.00.000","flowType":"ELEMENTARY_FLOW","formula":"CORINE 21","flowProperties":[{"@type":"FlowPropertyFactor","referenceFlowProperty":true,"flowProperty":{"@type":"FlowProperty","@id":"93a60a56-a3c8-19da-a746-0800200c9a66","name":"Area"},"conversionFactor":1.0}]}