{"@context":{"@vocab":"http://openlca.org/schema/v1.0/","@base":"http://openlca.org/schema/v1.0/","modelType":{"@type":"@vocab"},"flowPropertyType":{"@type":"@vocab"},"flowType":{"@type":"@vocab"},"distributionType":{"@type":"@vocab"},"parameterScope":{"@type":"@vocab"},"allocationType":{"@type":"@vocab"},"defaultAllocationMethod":{"@type":"@vocab"},"processType":{"@type":"@vocab"}},"@type":"UnitGroup","@id":"36932b14-ba61-417b-a80c-eb9935d193f1","name":"Units of length*area","category":{"@type":"Category","@id":"e38f841d-bc83-49a3-ab86-2783de8cebfb","name":"Technical unit groups"},"version":"00.00.000","defaultFlowProperty":{"@type":"FlowProperty","@id":"45915a2c-6ee8-45bd-8a46-070a7261558e","name":"Groundwater Replenishment (Occ.)"},"units":[{"@type":"Unit","@id":"0dc79b8e-47a1-4ec7-96b1-c9b9da2769fa","name":"mm*m2","description":"Millimetre times square metre","referenceUnit":true,"conversionFactor":1.0}]}