{"@context":{"@vocab":"http://openlca.org/schema/v1.0/","@base":"http://openlca.org/schema/v1.0/","modelType":{"@type":"@vocab"},"flowPropertyType":{"@type":"@vocab"},"flowType":{"@type":"@vocab"},"distributionType":{"@type":"@vocab"},"parameterScope":{"@type":"@vocab"},"allocationType":{"@type":"@vocab"},"defaultAllocationMethod":{"@type":"@vocab"},"processType":{"@type":"@vocab"}},"@type":"UnitGroup","@id":"3dbb60e1-edde-49f7-b28d-f34b4af727b3","name":"Units of mole*area/mass","category":{"@type":"Category","@id":"e38f841d-bc83-49a3-ab86-2783de8cebfb","name":"Technical unit groups"},"version":"00.00.000","defaultFlowProperty":{"@type":"FlowProperty","@id":"ac95ed26-5038-4862-8b82-94f1412875cd","name":"Physicochemical Filtration (Transf.)"},"units":[{"@type":"Unit","@id":"691ae73c-3fc1-4157-85d0-2659bdc2380a","name":"(cmol*m2)/kg","description":"Centimole times square metre per kilogram","referenceUnit":true,"conversionFactor":1.0}]}