{"@context":{"@vocab":"http://openlca.org/schema/v1.0/","@base":"http://openlca.org/schema/v1.0/","modelType":{"@type":"@vocab"},"flowPropertyType":{"@type":"@vocab"},"flowType":{"@type":"@vocab"},"distributionType":{"@type":"@vocab"},"parameterScope":{"@type":"@vocab"},"allocationType":{"@type":"@vocab"},"defaultAllocationMethod":{"@type":"@vocab"},"processType":{"@type":"@vocab"}},"@type":"UnitGroup","@id":"59f6a0a2-731f-41c3-86df-d383dc673dfe","name":"Units of mechanical filtration (occ.)","category":{"@type":"Category","@id":"e38f841d-bc83-49a3-ab86-2783de8cebfb","name":"Technical unit groups"},"version":"00.00.000","defaultFlowProperty":{"@type":"FlowProperty","@id":"e0d963f9-d6a4-42a5-90e9-fff8452aa2af","name":"Mechanical Filtration (Occ.)"},"units":[{"@type":"Unit","@id":"2f1b55fb-a432-447a-a0f5-9b02bf649724","name":"cm*m3","description":"Centimeter times cubic meter","referenceUnit":true,"conversionFactor":1.0}]}