{"@context":{"@vocab":"http://openlca.org/schema/v1.0/","@base":"http://openlca.org/schema/v1.0/","modelType":{"@type":"@vocab"},"flowPropertyType":{"@type":"@vocab"},"flowType":{"@type":"@vocab"},"distributionType":{"@type":"@vocab"},"parameterScope":{"@type":"@vocab"},"allocationType":{"@type":"@vocab"},"defaultAllocationMethod":{"@type":"@vocab"},"processType":{"@type":"@vocab"}},"@type":"UnitGroup","@id":"93a60a57-a3c8-20da-a746-0800200c9a66","name":"Units of area*time","category":{"@type":"Category","@id":"e38f841d-bc83-49a3-ab86-2783de8cebfb","name":"Technical unit groups"},"version":"00.00.000","defaultFlowProperty":{"@type":"FlowProperty","@id":"93a60a56-a3c8-21da-a746-0800200c9a66","name":"Area*time"},"units":[{"@type":"Unit","@id":"00d8370e-2bf1-4f3b-81bb-f8f147e84819","name":"m2*d","description":"Square metre times day","conversionFactor":0.002739726},{"@type":"Unit","@id":"1c43f336-c84b-4f42-bbf7-b1b6f89e121a","name":"mi2*a","description":"British square mile times year","conversionFactor":2589988.1,"synonyms":["mi²*a","mi2a","mi²a"]},{"@type":"Unit","@id":"4866ec7b-6218-4783-87b4-cbd107280a85","name":"ha*a","description":"Hectare times year","conversionFactor":10000.0},{"@type":"Unit","@id":"c7266b67-4ea2-457f-b391-9b94e26e195a","name":"m2*a","description":"Square meter times year","referenceUnit":true,"conversionFactor":1.0,"synonyms":["m²*a","m2a","m²a"]},{"@type":"Unit","@id":"c8166ae2-b592-4eb9-b365-e384c8b79f3c","name":"km2*a","description":"Square kilometer times year","conversionFactor":1000000.0,"synonyms":["km²*a","km2a","km²a"]},{"@type":"Unit","@id":"efbbab8b-eb92-4e39-bd5f-99951ffda6c3","name":"ft2*a","description":"British square feet times year","conversionFactor":0.09,"synonyms":["ft²*a","ft²a","ft2a"]},{"@type":"Unit","@id":"efbbab8b-eb92-4e39-bd5f-99951ffda6c3","name":"ft2*a","description":"British square feet times year","conversionFactor":0.09,"synonyms":["ft²*a","ft²a","ft2a"]},{"@type":"Unit","@id":"c7266b67-4ea2-457f-b391-9b94e26e195a","name":"m2*a","description":"Square metrr times year","conversionFactor":1.0,"synonyms":["m²*a","m2a","m²a","m2a"]},{"@type":"Unit","@id":"1c43f336-c84b-4f42-bbf7-b1b6f89e121a","name":"mi2*a","description":"British square mile times year","conversionFactor":2589988.1,"synonyms":["mi²*a","mi2a","mi²a"]},{"@type":"Unit","@id":"b396b97c-29ab-409a-b6fa-2285589041bd","name":"mm2a","description":"Square millimetres * year","conversionFactor":1.0E-6},{"@type":"Unit","@id":"c8166ae2-b592-4eb9-b365-e384c8b79f3c","name":"km2*a","description":"Square kilometre times year","conversionFactor":1000000.0,"synonyms":["km²*a","km2a","km²a","km2a"]},{"@type":"Unit","@id":"0d255e00-8aa1-434e-b6cd-43991a87d3fa","name":"cm2a","description":"Square centimetres * year","conversionFactor":1.0E-4},{"@type":"Unit","@id":"4866ec7b-6218-4783-87b4-cbd107280a85","name":"ha*a","description":"Hectare times year","conversionFactor":10000.0,"synonyms":["ha a"]}]}