{"@context":{"@vocab":"http://openlca.org/schema/v1.0/","@base":"http://openlca.org/schema/v1.0/","modelType":{"@type":"@vocab"},"flowPropertyType":{"@type":"@vocab"},"flowType":{"@type":"@vocab"},"distributionType":{"@type":"@vocab"},"parameterScope":{"@type":"@vocab"},"allocationType":{"@type":"@vocab"},"defaultAllocationMethod":{"@type":"@vocab"},"processType":{"@type":"@vocab"}},"@type":"UnitGroup","@id":"93a60a57-a3c8-23da-a746-0800200c9a66","name":"Units of volume*time","category":{"@type":"Category","@id":"e38f841d-bc83-49a3-ab86-2783de8cebfb","name":"Technical unit groups"},"version":"00.00.000","defaultFlowProperty":{"@type":"FlowProperty","@id":"441238a3-ba09-46ec-b35b-c30cfba746d1","name":"Volume*time"},"units":[{"@type":"Unit","@id":"8c1fafa2-2b2e-4fef-9581-5de34ae87350","name":"l*a","description":"Liter times year","conversionFactor":0.001},{"@type":"Unit","@id":"9942703a-5962-4823-8ea3-7af06af9a21e","name":"l*d","description":"Liter times day","conversionFactor":2.739726E-6},{"@type":"Unit","@id":"ee5f2241-18af-4444-b457-b275660e5a20","name":"m3*a","description":"Cubic meter times year","referenceUnit":true,"conversionFactor":1.0,"synonyms":["m³*a","m3a"]},{"@type":"Unit","@id":"f3a1ae74-9750-4199-acdc-2e7e0546e0a5","name":"m3*d","description":"Cubic meter times day","conversionFactor":0.002739726,"synonyms":["m³*d","m3d"]},{"@type":"Unit","@id":"9e6a97bb-e0cf-4e4a-9f3a-37067740b421","name":"cm3*a","description":"Cubic centimetres * year","conversionFactor":1.0E-6,"synonyms":["cm3y"]},{"@type":"Unit","@id":"ee5f2241-18af-4444-b457-b275660e5a20","name":"m3*a","description":"Cubic metre times year","conversionFactor":1.0,"synonyms":["m³*a","m3a","m3y"]},{"@type":"Unit","@id":"f3a1ae74-9750-4199-acdc-2e7e0546e0a5","name":"m3*d","description":"Cubic metre times day","conversionFactor":0.00274,"synonyms":["m³*d","m3d","m3day"]}]}