{"@context":{"@vocab":"http://openlca.org/schema/v1.0/","@base":"http://openlca.org/schema/v1.0/","modelType":{"@type":"@vocab"},"flowPropertyType":{"@type":"@vocab"},"flowType":{"@type":"@vocab"},"distributionType":{"@type":"@vocab"},"parameterScope":{"@type":"@vocab"},"allocationType":{"@type":"@vocab"},"defaultAllocationMethod":{"@type":"@vocab"},"processType":{"@type":"@vocab"}},"@type":"UnitGroup","@id":"9e5a91be-b3d1-4268-8e7d-e5e93f6a75d4","name":"Units of groundwater replenishment (transf.)","category":{"@type":"Category","@id":"e38f841d-bc83-49a3-ab86-2783de8cebfb","name":"Technical unit groups"},"version":"00.00.000","defaultFlowProperty":{"@type":"FlowProperty","@id":"58ea2de8-1f31-4248-9b03-18ec5d8db13b","name":"Groundwater Replenishment (Transf.)"},"units":[{"@type":"Unit","@id":"95e8feec-abc7-4eb0-bf39-2a6d411cba8d","name":"(mm*m2)/a","description":"Millimetre times square metre per year","referenceUnit":true,"conversionFactor":1.0}]}