{"@context":{"@vocab":"http://openlca.org/schema/v1.0/","@base":"http://openlca.org/schema/v1.0/","modelType":{"@type":"@vocab"},"flowPropertyType":{"@type":"@vocab"},"flowType":{"@type":"@vocab"},"distributionType":{"@type":"@vocab"},"parameterScope":{"@type":"@vocab"},"allocationType":{"@type":"@vocab"},"defaultAllocationMethod":{"@type":"@vocab"},"processType":{"@type":"@vocab"}},"@type":"Actor","@id":"7771deb8-4a40-4409-8bc4-df0882e8dde6","name":"Niels Jungbluth","description":"company: ESU-services","version":"00.00.000","address":"Kanzleistrasse 4, 8610 Uster","email":"esu-services@ecoinvent.org","telefax":"0041 44 544 57 94","telephone":"0041 44 940 61 32"}