{"@context":{"@vocab":"http://openlca.org/schema/v1.0/","@base":"http://openlca.org/schema/v1.0/","modelType":{"@type":"@vocab"},"flowPropertyType":{"@type":"@vocab"},"flowType":{"@type":"@vocab"},"distributionType":{"@type":"@vocab"},"parameterScope":{"@type":"@vocab"},"allocationType":{"@type":"@vocab"},"defaultAllocationMethod":{"@type":"@vocab"},"processType":{"@type":"@vocab"}},"@type":"Category","@id":"050640c2-9dbb-3525-b3ea-3fafcf1f9ac8","name":"222:Manufacture of plastics products","modelType":"FLOW","parentCategory":{"@type":"Category","@id":"2a1a857a-c2da-3c8b-9eeb-7b8bbcb2dfc8","name":"22:Manufacture of rubber and plastics products"}}