{"@context":{"@vocab":"http://openlca.org/schema/v1.0/","@base":"http://openlca.org/schema/v1.0/","modelType":{"@type":"@vocab"},"flowPropertyType":{"@type":"@vocab"},"flowType":{"@type":"@vocab"},"distributionType":{"@type":"@vocab"},"parameterScope":{"@type":"@vocab"},"allocationType":{"@type":"@vocab"},"defaultAllocationMethod":{"@type":"@vocab"},"processType":{"@type":"@vocab"}},"@type":"Category","@id":"053db31c-130d-4b2f-9c7e-2defe72b2abe","name":"35:Electricity, gas, steam and air conditioning supply","modelType":"FLOW","parentCategory":{"@type":"Category","@id":"46ecf63a-fe40-3089-b3d1-0d2ad8eb6323","name":"D:Electricity, gas, steam and air conditioning supply"}}