{"@context":{"@vocab":"http://openlca.org/schema/v1.0/","@base":"http://openlca.org/schema/v1.0/","modelType":{"@type":"@vocab"},"flowPropertyType":{"@type":"@vocab"},"flowType":{"@type":"@vocab"},"distributionType":{"@type":"@vocab"},"parameterScope":{"@type":"@vocab"},"allocationType":{"@type":"@vocab"},"defaultAllocationMethod":{"@type":"@vocab"},"processType":{"@type":"@vocab"}},"@type":"Category","@id":"061a51f2-2926-35c0-b1a6-452f8843e89d","name":"273:Manufacture of wiring and wiring devices","modelType":"FLOW","parentCategory":{"@type":"Category","@id":"cc54013d-771e-42c7-800e-f16da8a4973c","name":"27:Manufacture of electrical equipment"}}