{"@context":{"@vocab":"http://openlca.org/schema/v1.0/","@base":"http://openlca.org/schema/v1.0/","modelType":{"@type":"@vocab"},"flowPropertyType":{"@type":"@vocab"},"flowType":{"@type":"@vocab"},"distributionType":{"@type":"@vocab"},"parameterScope":{"@type":"@vocab"},"allocationType":{"@type":"@vocab"},"defaultAllocationMethod":{"@type":"@vocab"},"processType":{"@type":"@vocab"}},"@type":"Category","@id":"10d0e954-5a03-4be7-a960-740255b9b7b4","name":"0729:Mining of other non-ferrous metal ores","modelType":"FLOW","parentCategory":{"@type":"Category","@id":"3884eeaf-5505-37ad-8a5f-d0f8b7d58c19","name":"072:Mining of non-ferrous metal ores"}}