{"@context":{"@vocab":"http://openlca.org/schema/v1.0/","@base":"http://openlca.org/schema/v1.0/","modelType":{"@type":"@vocab"},"flowPropertyType":{"@type":"@vocab"},"flowType":{"@type":"@vocab"},"distributionType":{"@type":"@vocab"},"parameterScope":{"@type":"@vocab"},"allocationType":{"@type":"@vocab"},"defaultAllocationMethod":{"@type":"@vocab"},"processType":{"@type":"@vocab"}},"@type":"Category","@id":"132a452a-4147-44ea-a28d-2b75df1e1740","name":"2310:Manufacture of glass and glass products","modelType":"FLOW","parentCategory":{"@type":"Category","@id":"beadf808-adbb-3c82-96e1-668850547a5a","name":"231:Manufacture of glass and glass products"}}