{"@context":{"@vocab":"http://openlca.org/schema/v1.0/","@base":"http://openlca.org/schema/v1.0/","modelType":{"@type":"@vocab"},"flowPropertyType":{"@type":"@vocab"},"flowType":{"@type":"@vocab"},"distributionType":{"@type":"@vocab"},"parameterScope":{"@type":"@vocab"},"allocationType":{"@type":"@vocab"},"defaultAllocationMethod":{"@type":"@vocab"},"processType":{"@type":"@vocab"}},"@type":"Category","@id":"217c4940-42b3-4bc6-a792-555146794ef2","name":"2610:Manufacture of electronic components and boards","modelType":"FLOW","parentCategory":{"@type":"Category","@id":"f661d71a-2278-35ae-a6bf-3af0bd88d54a","name":"261:Manufacture of electronic components and boards"}}