{"@context":{"@vocab":"http://openlca.org/schema/v1.0/","@base":"http://openlca.org/schema/v1.0/","modelType":{"@type":"@vocab"},"flowPropertyType":{"@type":"@vocab"},"flowType":{"@type":"@vocab"},"distributionType":{"@type":"@vocab"},"parameterScope":{"@type":"@vocab"},"allocationType":{"@type":"@vocab"},"defaultAllocationMethod":{"@type":"@vocab"},"processType":{"@type":"@vocab"}},"@type":"Category","@id":"294c7504-7400-396b-b382-02f231936e98","name":"360:Water collection, treatment and supply","modelType":"FLOW","parentCategory":{"@type":"Category","@id":"da27399e-ff0a-33e3-9451-607001ea2004","name":"36:Water collection, treatment and supply"}}