{"@context":{"@vocab":"http://openlca.org/schema/v1.0/","@base":"http://openlca.org/schema/v1.0/","modelType":{"@type":"@vocab"},"flowPropertyType":{"@type":"@vocab"},"flowType":{"@type":"@vocab"},"distributionType":{"@type":"@vocab"},"parameterScope":{"@type":"@vocab"},"allocationType":{"@type":"@vocab"},"defaultAllocationMethod":{"@type":"@vocab"},"processType":{"@type":"@vocab"}},"@type":"Category","@id":"3884eeaf-5505-37ad-8a5f-d0f8b7d58c19","name":"072:Mining of non-ferrous metal ores","modelType":"FLOW","parentCategory":{"@type":"Category","@id":"164b3f59-6ef5-3497-9262-02225fc7247c","name":"07:Mining of metal ores"}}