{"@context":{"@vocab":"http://openlca.org/schema/v1.0/","@base":"http://openlca.org/schema/v1.0/","modelType":{"@type":"@vocab"},"flowPropertyType":{"@type":"@vocab"},"flowType":{"@type":"@vocab"},"distributionType":{"@type":"@vocab"},"parameterScope":{"@type":"@vocab"},"allocationType":{"@type":"@vocab"},"defaultAllocationMethod":{"@type":"@vocab"},"processType":{"@type":"@vocab"}},"@type":"Category","@id":"4a7a644e-9e67-3974-b81d-de6d574ee1a4","name":"162:Manufacture of products of wood, cork, straw and plaiting materials","modelType":"FLOW","parentCategory":{"@type":"Category","@id":"f742d8c1-b729-3eba-a5ed-2e2812eaaf56","name":"16:Manufacture of wood and of products of wood and cork, except furniture; manufacture of articles of straw and plaiting materials"}}