{"@context":{"@vocab":"http://openlca.org/schema/v1.0/","@base":"http://openlca.org/schema/v1.0/","modelType":{"@type":"@vocab"},"flowPropertyType":{"@type":"@vocab"},"flowType":{"@type":"@vocab"},"distributionType":{"@type":"@vocab"},"parameterScope":{"@type":"@vocab"},"allocationType":{"@type":"@vocab"},"defaultAllocationMethod":{"@type":"@vocab"},"processType":{"@type":"@vocab"}},"@type":"Category","@id":"4dc785fb-b431-4604-a1e4-ef607805aacc","name":"259:Manufacture of other fabricated metal products; metalworking service activit","modelType":"FLOW","parentCategory":{"@type":"Category","@id":"c52f9c4a-244c-460c-a4cf-fe1e8b7f2a54","name":"25:Manufacture of fabricated metal products, except machinery and equipment"}}