{"@context":{"@vocab":"http://openlca.org/schema/v1.0/","@base":"http://openlca.org/schema/v1.0/","modelType":{"@type":"@vocab"},"flowPropertyType":{"@type":"@vocab"},"flowType":{"@type":"@vocab"},"distributionType":{"@type":"@vocab"},"parameterScope":{"@type":"@vocab"},"allocationType":{"@type":"@vocab"},"defaultAllocationMethod":{"@type":"@vocab"},"processType":{"@type":"@vocab"}},"@type":"Category","@id":"52276e1e-8f23-4a8e-93ff-94d073a623bb","name":"2029:Manufacture of other chemical products n.e.c.","modelType":"FLOW","parentCategory":{"@type":"Category","@id":"78a96b09-39c1-3195-a362-4ef34a140888","name":"202:Manufacture of other chemical products"}}