{"@context":{"@vocab":"http://openlca.org/schema/v1.0/","@base":"http://openlca.org/schema/v1.0/","modelType":{"@type":"@vocab"},"flowPropertyType":{"@type":"@vocab"},"flowType":{"@type":"@vocab"},"distributionType":{"@type":"@vocab"},"parameterScope":{"@type":"@vocab"},"allocationType":{"@type":"@vocab"},"defaultAllocationMethod":{"@type":"@vocab"},"processType":{"@type":"@vocab"}},"@type":"Category","@id":"56a24e38-f812-486b-8714-2650007e17e6","name":"2790:Manufacture of other electrical equipment","modelType":"FLOW","parentCategory":{"@type":"Category","@id":"12ac8912-b8ee-386b-9c3c-20316eacc659","name":"279:Manufacture of other electrical equipment"}}