{"@context":{"@vocab":"http://openlca.org/schema/v1.0/","@base":"http://openlca.org/schema/v1.0/","modelType":{"@type":"@vocab"},"flowPropertyType":{"@type":"@vocab"},"flowType":{"@type":"@vocab"},"distributionType":{"@type":"@vocab"},"parameterScope":{"@type":"@vocab"},"allocationType":{"@type":"@vocab"},"defaultAllocationMethod":{"@type":"@vocab"},"processType":{"@type":"@vocab"}},"@type":"Category","@id":"5fb5dcff-2a29-35f9-9cda-71e7a7d9eaed","name":"38:Waste collection, treatment and disposal activities; materials recovery","modelType":"FLOW","parentCategory":{"@type":"Category","@id":"b858d9e3-8419-3c0e-a4bd-0318fcde00c8","name":"E:Water supply; sewerage, waste management and remediation activities"}}