{"@context":{"@vocab":"http://openlca.org/schema/v1.0/","@base":"http://openlca.org/schema/v1.0/","modelType":{"@type":"@vocab"},"flowPropertyType":{"@type":"@vocab"},"flowType":{"@type":"@vocab"},"distributionType":{"@type":"@vocab"},"parameterScope":{"@type":"@vocab"},"allocationType":{"@type":"@vocab"},"defaultAllocationMethod":{"@type":"@vocab"},"processType":{"@type":"@vocab"}},"@type":"Category","@id":"63a50090-c123-4bea-ae40-a5dee2086976","name":"382:Waste treatment and disposal","modelType":"FLOW","parentCategory":{"@type":"Category","@id":"5fb5dcff-2a29-35f9-9cda-71e7a7d9eaed","name":"38:Waste collection, treatment and disposal activities; materials recovery"}}