{"@context":{"@vocab":"http://openlca.org/schema/v1.0/","@base":"http://openlca.org/schema/v1.0/","modelType":{"@type":"@vocab"},"flowPropertyType":{"@type":"@vocab"},"flowType":{"@type":"@vocab"},"distributionType":{"@type":"@vocab"},"parameterScope":{"@type":"@vocab"},"allocationType":{"@type":"@vocab"},"defaultAllocationMethod":{"@type":"@vocab"},"processType":{"@type":"@vocab"}},"@type":"Category","@id":"77e7e64f-a2eb-47ba-8707-d7c746fa7e59","name":"4312:Site preparation","modelType":"FLOW","parentCategory":{"@type":"Category","@id":"e4d15bba-dd39-3bc8-9e94-77a859ef5c30","name":"431:Demolition and site preparation"}}