{"@context":{"@vocab":"http://openlca.org/schema/v1.0/","@base":"http://openlca.org/schema/v1.0/","modelType":{"@type":"@vocab"},"flowPropertyType":{"@type":"@vocab"},"flowType":{"@type":"@vocab"},"distributionType":{"@type":"@vocab"},"parameterScope":{"@type":"@vocab"},"allocationType":{"@type":"@vocab"},"defaultAllocationMethod":{"@type":"@vocab"},"processType":{"@type":"@vocab"}},"@type":"Category","@id":"7e4046b9-9a28-4df7-a931-0e1d7a7b9956","name":"2420:Manufacture of basic precious and other non-ferrous metals","modelType":"FLOW","parentCategory":{"@type":"Category","@id":"15068cc7-67b0-3c19-bbd0-28623e406cc2","name":"242:Manufacture of basic precious and other non-ferrous metals"}}