{"@context":{"@vocab":"http://openlca.org/schema/v1.0/","@base":"http://openlca.org/schema/v1.0/","modelType":{"@type":"@vocab"},"flowPropertyType":{"@type":"@vocab"},"flowType":{"@type":"@vocab"},"distributionType":{"@type":"@vocab"},"parameterScope":{"@type":"@vocab"},"allocationType":{"@type":"@vocab"},"defaultAllocationMethod":{"@type":"@vocab"},"processType":{"@type":"@vocab"}},"@type":"Category","@id":"8084f242-dfd1-4755-83c9-961a598c29f1","name":"2410:Manufacture of basic iron and steel","modelType":"FLOW","parentCategory":{"@type":"Category","@id":"931405dc-42dd-3823-89c5-72d760462bb8","name":"241:Manufacture of basic iron and steel"}}