{"@context":{"@vocab":"http://openlca.org/schema/v1.0/","@base":"http://openlca.org/schema/v1.0/","modelType":{"@type":"@vocab"},"flowPropertyType":{"@type":"@vocab"},"flowType":{"@type":"@vocab"},"distributionType":{"@type":"@vocab"},"parameterScope":{"@type":"@vocab"},"allocationType":{"@type":"@vocab"},"defaultAllocationMethod":{"@type":"@vocab"},"processType":{"@type":"@vocab"}},"@type":"Category","@id":"830f5a9b-5934-4edd-b754-92e2af926925","name":"1621:Manufacture of veneer sheets and wood-based panels","modelType":"FLOW","parentCategory":{"@type":"Category","@id":"4a7a644e-9e67-3974-b81d-de6d574ee1a4","name":"162:Manufacture of products of wood, cork, straw and plaiting materials"}}