{"@context":{"@vocab":"http://openlca.org/schema/v1.0/","@base":"http://openlca.org/schema/v1.0/","modelType":{"@type":"@vocab"},"flowPropertyType":{"@type":"@vocab"},"flowType":{"@type":"@vocab"},"distributionType":{"@type":"@vocab"},"parameterScope":{"@type":"@vocab"},"allocationType":{"@type":"@vocab"},"defaultAllocationMethod":{"@type":"@vocab"},"processType":{"@type":"@vocab"}},"@type":"Category","@id":"87b96028-35fa-39fa-b563-a1bce23e29ed","name":"492:Other land transport","modelType":"FLOW","parentCategory":{"@type":"Category","@id":"978793ac-1c89-3f16-b258-d7f98ec8d5d5","name":"49:Land transport and transport via pipelines"}}