{"@context":{"@vocab":"http://openlca.org/schema/v1.0/","@base":"http://openlca.org/schema/v1.0/","modelType":{"@type":"@vocab"},"flowPropertyType":{"@type":"@vocab"},"flowType":{"@type":"@vocab"},"distributionType":{"@type":"@vocab"},"parameterScope":{"@type":"@vocab"},"allocationType":{"@type":"@vocab"},"defaultAllocationMethod":{"@type":"@vocab"},"processType":{"@type":"@vocab"}},"@type":"Category","@id":"9bba1149-20f9-3754-b5a4-5dc3a390acd1","name":"23:Manufacture of other non-metallic mineral products","modelType":"FLOW","parentCategory":{"@type":"Category","@id":"70b1e78d-5248-3b80-a1ac-4ba509ad3e9f","name":"C:Manufacturing"}}