{"@context":{"@vocab":"http://openlca.org/schema/v1.0/","@base":"http://openlca.org/schema/v1.0/","modelType":{"@type":"@vocab"},"flowPropertyType":{"@type":"@vocab"},"flowType":{"@type":"@vocab"},"distributionType":{"@type":"@vocab"},"parameterScope":{"@type":"@vocab"},"allocationType":{"@type":"@vocab"},"defaultAllocationMethod":{"@type":"@vocab"},"processType":{"@type":"@vocab"}},"@type":"Category","@id":"a3887807-e17a-375e-ae3a-56ddee753d56","name":"43:Specialized construction activities","modelType":"FLOW","parentCategory":{"@type":"Category","@id":"6654f752-2c15-3cbf-a193-97840591609f","name":"F:Construction"}}