{"@context":{"@vocab":"http://openlca.org/schema/v1.0/","@base":"http://openlca.org/schema/v1.0/","modelType":{"@type":"@vocab"},"flowPropertyType":{"@type":"@vocab"},"flowType":{"@type":"@vocab"},"distributionType":{"@type":"@vocab"},"parameterScope":{"@type":"@vocab"},"allocationType":{"@type":"@vocab"},"defaultAllocationMethod":{"@type":"@vocab"},"processType":{"@type":"@vocab"}},"@type":"Category","@id":"af0880f3-6c48-4d46-9c99-0e9f0fefe394","name":"3600:Water collection, treatment and supply","modelType":"FLOW","parentCategory":{"@type":"Category","@id":"294c7504-7400-396b-b382-02f231936e98","name":"360:Water collection, treatment and supply"}}