{"@context":{"@vocab":"http://openlca.org/schema/v1.0/","@base":"http://openlca.org/schema/v1.0/","modelType":{"@type":"@vocab"},"flowPropertyType":{"@type":"@vocab"},"flowType":{"@type":"@vocab"},"distributionType":{"@type":"@vocab"},"parameterScope":{"@type":"@vocab"},"allocationType":{"@type":"@vocab"},"defaultAllocationMethod":{"@type":"@vocab"},"processType":{"@type":"@vocab"}},"@type":"Category","@id":"b47ae08f-e133-48c5-93aa-9f9a8c0a0960","name":"4290:Construction of other civil engineering projects","modelType":"FLOW","parentCategory":{"@type":"Category","@id":"e412e7cb-4e66-34fa-8da2-25f5f6d3ff2f","name":"429:Construction of other civil engineering projects"}}