{"@context":{"@vocab":"http://openlca.org/schema/v1.0/","@base":"http://openlca.org/schema/v1.0/","modelType":{"@type":"@vocab"},"flowPropertyType":{"@type":"@vocab"},"flowType":{"@type":"@vocab"},"distributionType":{"@type":"@vocab"},"parameterScope":{"@type":"@vocab"},"allocationType":{"@type":"@vocab"},"defaultAllocationMethod":{"@type":"@vocab"},"processType":{"@type":"@vocab"}},"@type":"Category","@id":"b4dcb509-0e4b-497b-97c2-5e6b2fd24323","name":"2732:Manufacture of other electronic and electric wires and cables","modelType":"FLOW","parentCategory":{"@type":"Category","@id":"061a51f2-2926-35c0-b1a6-452f8843e89d","name":"273:Manufacture of wiring and wiring devices"}}