{"@context":{"@vocab":"http://openlca.org/schema/v1.0/","@base":"http://openlca.org/schema/v1.0/","modelType":{"@type":"@vocab"},"flowPropertyType":{"@type":"@vocab"},"flowType":{"@type":"@vocab"},"distributionType":{"@type":"@vocab"},"parameterScope":{"@type":"@vocab"},"allocationType":{"@type":"@vocab"},"defaultAllocationMethod":{"@type":"@vocab"},"processType":{"@type":"@vocab"}},"@type":"Category","@id":"c36823ef-e77b-48d9-8db2-fdc5fa6df73b","name":"2395:Manufacture of articles of concrete, cement and plaster","modelType":"FLOW","parentCategory":{"@type":"Category","@id":"7f5c4be4-fd83-4f58-abf5-b92d90014dad","name":"239:Manufacture of non-metallic mineral products n.e.c."}}