{"@context":{"@vocab":"http://openlca.org/schema/v1.0/","@base":"http://openlca.org/schema/v1.0/","modelType":{"@type":"@vocab"},"flowPropertyType":{"@type":"@vocab"},"flowType":{"@type":"@vocab"},"distributionType":{"@type":"@vocab"},"parameterScope":{"@type":"@vocab"},"allocationType":{"@type":"@vocab"},"defaultAllocationMethod":{"@type":"@vocab"},"processType":{"@type":"@vocab"}},"@type":"Category","@id":"c4405f03-c0a8-43f5-9241-be44570d5be2","name":"3821:Treatment and disposal of non-hazardous waste","modelType":"FLOW","parentCategory":{"@type":"Category","@id":"63a50090-c123-4bea-ae40-a5dee2086976","name":"382:Waste treatment and disposal"}}