{"@context":{"@vocab":"http://openlca.org/schema/v1.0/","@base":"http://openlca.org/schema/v1.0/","modelType":{"@type":"@vocab"},"flowPropertyType":{"@type":"@vocab"},"flowType":{"@type":"@vocab"},"distributionType":{"@type":"@vocab"},"parameterScope":{"@type":"@vocab"},"allocationType":{"@type":"@vocab"},"defaultAllocationMethod":{"@type":"@vocab"},"processType":{"@type":"@vocab"}},"@type":"Category","@id":"dd0e1f2c-c420-4efa-a374-f206da23f302","name":"2012:Manufacture of fertilizers and nitrogen compounds","modelType":"FLOW","parentCategory":{"@type":"Category","@id":"eba48c4f-788d-3706-aa37-61fb57f87869","name":"201:Manufacture of basic chemicals, fertilizers and nitrogen compounds, plastics and synthetic rubber in primary forms"}}