{"@context":{"@vocab":"http://openlca.org/schema/v1.0/","@base":"http://openlca.org/schema/v1.0/","modelType":{"@type":"@vocab"},"flowPropertyType":{"@type":"@vocab"},"flowType":{"@type":"@vocab"},"distributionType":{"@type":"@vocab"},"parameterScope":{"@type":"@vocab"},"allocationType":{"@type":"@vocab"},"defaultAllocationMethod":{"@type":"@vocab"},"processType":{"@type":"@vocab"}},"@type":"Category","@id":"e412e7cb-4e66-34fa-8da2-25f5f6d3ff2f","name":"429:Construction of other civil engineering projects","modelType":"FLOW","parentCategory":{"@type":"Category","@id":"e8416c43-ebad-3e52-be22-45bf8abc4868","name":"42:Civil engineering"}}