{"@context":{"@vocab":"http://openlca.org/schema/v1.0/","@base":"http://openlca.org/schema/v1.0/","modelType":{"@type":"@vocab"},"flowPropertyType":{"@type":"@vocab"},"flowType":{"@type":"@vocab"},"distributionType":{"@type":"@vocab"},"parameterScope":{"@type":"@vocab"},"allocationType":{"@type":"@vocab"},"defaultAllocationMethod":{"@type":"@vocab"},"processType":{"@type":"@vocab"}},"@type":"Category","@id":"e4d15bba-dd39-3bc8-9e94-77a859ef5c30","name":"431:Demolition and site preparation","modelType":"FLOW","parentCategory":{"@type":"Category","@id":"a3887807-e17a-375e-ae3a-56ddee753d56","name":"43:Specialized construction activities"}}