{"@context":{"@vocab":"http://openlca.org/schema/v1.0/","@base":"http://openlca.org/schema/v1.0/","modelType":{"@type":"@vocab"},"flowPropertyType":{"@type":"@vocab"},"flowType":{"@type":"@vocab"},"distributionType":{"@type":"@vocab"},"parameterScope":{"@type":"@vocab"},"allocationType":{"@type":"@vocab"},"defaultAllocationMethod":{"@type":"@vocab"},"processType":{"@type":"@vocab"}},"@type":"Category","@id":"e8416c43-ebad-3e52-be22-45bf8abc4868","name":"42:Civil engineering","modelType":"FLOW","parentCategory":{"@type":"Category","@id":"6654f752-2c15-3cbf-a193-97840591609f","name":"F:Construction"}}