{"@context":{"@vocab":"http://openlca.org/schema/v1.0/","@base":"http://openlca.org/schema/v1.0/","modelType":{"@type":"@vocab"},"flowPropertyType":{"@type":"@vocab"},"flowType":{"@type":"@vocab"},"distributionType":{"@type":"@vocab"},"parameterScope":{"@type":"@vocab"},"allocationType":{"@type":"@vocab"},"defaultAllocationMethod":{"@type":"@vocab"},"processType":{"@type":"@vocab"}},"@type":"Process","@id":"02103c40-8f43-406c-92f5-66a831d5230b","name":"Glue 2 comp","description":"","category":{"@type":"Category","@id":"3861e758-3ad8-439b-a849-aaac501a44a0","name":"2: Level 2"},"version":"00.00.003","lastChange":"2015-08-20T15:33:13.664+02:00","processTyp":"UNIT_PROCESS","location":{"@type":"Location","@id":"d88fc6ed-f21e-3464-935f-f76288b84103","name":"Switzerland"},"processDocumentation":{"@type":"ProcessDocumentation","copyright":false,"creationDate":"2015-08-05T14:12:15.808+02:00"},"exchanges":[{"@type":"Exchange","avoidedProduct":false,"input":false,"amount":1.0,"flow":{"@type":"Flow","@id":"e743b929-9e08-4dbf-a647-cb89493fb97b","name":"Glue 2 comp"},"unit":{"@type":"Unit","@id":"b80a512e-e402-4363-8ad0-7d02dcf4a459","name":"l"},"flowProperty":{"@type":"FlowProperty","@id":"93a60a56-a3c8-22da-a746-0800200c9a66","name":"Volume"},"quantitativeReference":true},{"@type":"Exchange","avoidedProduct":false,"input":true,"amount":0.6,"flow":{"@type":"Flow","@id":"33bcc04a-7a28-3349-b594-a9c981a8ce6c","name":"epoxy resin, liquid"},"unit":{"@type":"Unit","@id":"20aadc24-a391-41cf-b340-3e4529f44bde","name":"kg"},"flowProperty":{"@type":"FlowProperty","@id":"93a60a56-a3c8-11da-a746-0800200b9a66","name":"Mass"}},{"@type":"Exchange","avoidedProduct":false,"input":true,"amount":120.0,"amountFormula":"0.6*200","flow":{"@type":"Flow","@id":"f12ac614-9f43-3705-822a-987f006a9165","name":"transport, freight, loryy \u003e32 metric ton, EURO6"},"unit":{"@type":"Unit","@id":"a40229e6-7275-42e3-a304-23d590044770","name":"kg*km"},"flowProperty":{"@type":"FlowProperty","@id":"838aaa20-0117-11db-92e3-0800200c9a66","name":"Goods transport (mass*distance)"}}]}