{"@context":{"@vocab":"http://openlca.org/schema/v1.0/","@base":"http://openlca.org/schema/v1.0/","modelType":{"@type":"@vocab"},"flowPropertyType":{"@type":"@vocab"},"flowType":{"@type":"@vocab"},"distributionType":{"@type":"@vocab"},"parameterScope":{"@type":"@vocab"},"allocationType":{"@type":"@vocab"},"defaultAllocationMethod":{"@type":"@vocab"},"processType":{"@type":"@vocab"}},"@type":"Process","@id":"05d92d98-522a-4c48-94a4-2bfe3b43ae92","name":"Steel bar U profile","description":"","category":{"@type":"Category","@id":"3861e758-3ad8-439b-a849-aaac501a44a0","name":"2: Level 2"},"version":"00.00.006","lastChange":"2015-08-20T15:42:56.703+02:00","processTyp":"UNIT_PROCESS","location":{"@type":"Location","@id":"d88fc6ed-f21e-3464-935f-f76288b84103","name":"Switzerland"},"processDocumentation":{"@type":"ProcessDocumentation","copyright":false,"creationDate":"2015-08-05T15:05:41.206+02:00"},"exchanges":[{"@type":"Exchange","avoidedProduct":false,"input":false,"amount":1.0,"flow":{"@type":"Flow","@id":"b3b88333-484d-4b44-94b7-b887f000f636","name":"Steel bar U profile"},"unit":{"@type":"Unit","@id":"3d314eab-ef11-4ff3-a35e-9bc5cd858694","name":"m"},"flowProperty":{"@type":"FlowProperty","@id":"838aaa23-0117-11db-92e3-0800200c9a66","name":"Length"},"quantitativeReference":true},{"@type":"Exchange","avoidedProduct":false,"input":true,"amount":6.7,"flow":{"@type":"Flow","@id":"e4738782-1d3d-3f74-9842-38fa06b71898","name":"steel, chromium steel 18/8, hot rolled"},"unit":{"@type":"Unit","@id":"20aadc24-a391-41cf-b340-3e4529f44bde","name":"kg"},"flowProperty":{"@type":"FlowProperty","@id":"93a60a56-a3c8-11da-a746-0800200b9a66","name":"Mass"}},{"@type":"Exchange","avoidedProduct":false,"input":true,"amount":5.0,"flow":{"@type":"Flow","@id":"dafa81f8-3cae-3c69-a953-a74cda42fb35","name":"laser machining, metal, with CO2-laser, 6000W power"},"unit":{"@type":"Unit","@id":"845178d8-3f2c-497f-9ca6-3c5657c2823c","name":"s"},"flowProperty":{"@type":"FlowProperty","@id":"c0447923-0e60-4b3c-97c2-a86dddd9eea5","name":"Duration"}},{"@type":"Exchange","avoidedProduct":false,"input":true,"amount":1340.0,"amountFormula":"6.7*200","flow":{"@type":"Flow","@id":"f12ac614-9f43-3705-822a-987f006a9165","name":"transport, freight, loryy \u003e32 metric ton, EURO6"},"unit":{"@type":"Unit","@id":"a40229e6-7275-42e3-a304-23d590044770","name":"kg*km"},"flowProperty":{"@type":"FlowProperty","@id":"838aaa20-0117-11db-92e3-0800200c9a66","name":"Goods transport (mass*distance)"}}]}