{"@context":{"@vocab":"http://openlca.org/schema/v1.0/","@base":"http://openlca.org/schema/v1.0/","modelType":{"@type":"@vocab"},"flowPropertyType":{"@type":"@vocab"},"flowType":{"@type":"@vocab"},"distributionType":{"@type":"@vocab"},"parameterScope":{"@type":"@vocab"},"allocationType":{"@type":"@vocab"},"defaultAllocationMethod":{"@type":"@vocab"},"processType":{"@type":"@vocab"}},"@type":"Process","@id":"40c22cb0-5908-4ca4-b897-ced96bc5dd82","name":"HONR Cantilever bracket","description":"","category":{"@type":"Category","@id":"0b448f5c-ae7d-4292-b3bc-bb6fa3b6adc6","name":"1: Level 1"},"version":"00.00.002","lastChange":"2015-11-13T20:58:40.405+01:00","processTyp":"UNIT_PROCESS","location":{"@type":"Location","@id":"d88fc6ed-f21e-3464-935f-f76288b84103","name":"Switzerland"},"processDocumentation":{"@type":"ProcessDocumentation","copyright":false,"creationDate":"2015-11-13T20:37:56.233+01:00"},"exchanges":[{"@type":"Exchange","avoidedProduct":false,"input":false,"amount":1.0,"flow":{"@type":"Flow","@id":"a8756783-5a28-42f0-96d7-9eb196c71217","name":"HONR Cantilever bracket"},"unit":{"@type":"Unit","@id":"6dabe201-aaac-4509-92f0-d00c26cb72ab","name":"Item(s)"},"flowProperty":{"@type":"FlowProperty","@id":"01846770-4cfe-4a25-8ad9-919d8d378345","name":"Number of items"},"quantitativeReference":true},{"@type":"Exchange","avoidedProduct":false,"input":true,"amount":4.0,"flow":{"@type":"Flow","@id":"c15a9654-da60-42cf-88d9-8a6125e21c82","name":"Fixing clamp"},"unit":{"@type":"Unit","@id":"6dabe201-aaac-4509-92f0-d00c26cb72ab","name":"Item(s)"},"flowProperty":{"@type":"FlowProperty","@id":"01846770-4cfe-4a25-8ad9-919d8d378345","name":"Number of items"}},{"@type":"Exchange","avoidedProduct":false,"input":true,"amount":1.0,"flow":{"@type":"Flow","@id":"be74dbd8-af80-4ff1-9fd9-51267f6cb802","name":"Steel bracket"},"unit":{"@type":"Unit","@id":"6dabe201-aaac-4509-92f0-d00c26cb72ab","name":"Item(s)"},"flowProperty":{"@type":"FlowProperty","@id":"01846770-4cfe-4a25-8ad9-919d8d378345","name":"Number of items"}}]}