{"@context":{"@vocab":"http://openlca.org/schema/v1.0/","@base":"http://openlca.org/schema/v1.0/","modelType":{"@type":"@vocab"},"flowPropertyType":{"@type":"@vocab"},"flowType":{"@type":"@vocab"},"distributionType":{"@type":"@vocab"},"parameterScope":{"@type":"@vocab"},"allocationType":{"@type":"@vocab"},"defaultAllocationMethod":{"@type":"@vocab"},"processType":{"@type":"@vocab"}},"@type":"Process","@id":"678b1d53-001d-488b-acdf-94af9d21c398","name":"PV film flisom","description":"Flisom approximation","category":{"@type":"Category","@id":"3861e758-3ad8-439b-a849-aaac501a44a0","name":"2: Level 2"},"version":"00.00.005","lastChange":"2015-08-21T14:17:07.967+02:00","processTyp":"UNIT_PROCESS","location":{"@type":"Location","@id":"d88fc6ed-f21e-3464-935f-f76288b84103","name":"Switzerland"},"processDocumentation":{"@type":"ProcessDocumentation","timeDescription":"","technologyDescription":"Production technology of thin film CIGS cells with thermal co-vaporization in vacuum.","dataTreatmentDescription":"This dataset has been extrapolated from year 2007 to the year of the calculation (2014). The uncertainty has been adjusted accordingly.","samplingDescription":"Literature data based on producer information.","copyright":true,"validFrom":"1998-01-01T00:00:00.000+01:00","validUntil":"2014-12-31T00:00:00.000+01:00","creationDate":"2010-07-28T18:42:36.000+02:00","geographyDescription":"Flesom approximation","dataDocumentor":{"@type":"Actor","@id":"7771deb8-4a40-4409-8bc4-df0882e8dde6","name":"Niels Jungbluth"},"dataGenerator":{"@type":"Actor","@id":"7771deb8-4a40-4409-8bc4-df0882e8dde6","name":"Niels Jungbluth"},"publication":{"@type":"Source","@id":"330fe2f2-0774-48a2-ab10-6890d99c01af","name":"Jungbluth, N. et al. 2007"}},"exchanges":[{"@type":"Exchange","avoidedProduct":false,"input":true,"amount":122.38,"flow":{"@type":"Flow","@id":"4840dcc0-3dd4-3216-baaa-1cc7147ded08","name":"electricity, medium voltage"},"unit":{"@type":"Unit","@id":"86ad2244-1f0e-4912-af53-7865283103e4","name":"kWh"},"flowProperty":{"@type":"FlowProperty","@id":"f6811440-ee37-11de-8a39-0800200c9a66","name":"Energy"},"uncertainty":{"@type":"Uncertainty","distributionType":"LOG_NORMAL_DISTRIBUTION","geomMean":122.38,"geomSd":1.0}},{"@type":"Exchange","avoidedProduct":false,"input":true,"amount":-0.86806,"flow":{"@type":"Flow","@id":"2d7dc120-773e-31dd-b6e7-e309520376b9","name":"waste plastic, mixture"},"unit":{"@type":"Unit","@id":"20aadc24-a391-41cf-b340-3e4529f44bde","name":"kg"},"flowProperty":{"@type":"FlowProperty","@id":"93a60a56-a3c8-11da-a746-0800200b9a66","name":"Mass"},"uncertainty":{"@type":"Uncertainty","distributionType":"LOG_NORMAL_DISTRIBUTION","geomMean":-0.86806,"geomSd":1.0}},{"@type":"Exchange","avoidedProduct":false,"input":true,"amount":0.034037,"flow":{"@type":"Flow","@id":"a388e770-ab71-3de4-83c3-dd08354c0303","name":"cadmium sulfide, semiconductor-grade"},"unit":{"@type":"Unit","@id":"20aadc24-a391-41cf-b340-3e4529f44bde","name":"kg"},"flowProperty":{"@type":"FlowProperty","@id":"93a60a56-a3c8-11da-a746-0800200b9a66","name":"Mass"},"uncertainty":{"@type":"Uncertainty","distributionType":"LOG_NORMAL_DISTRIBUTION","geomMean":0.034037,"geomSd":1.0}},{"@type":"Exchange","avoidedProduct":false,"input":true,"amount":4.0E-6,"flow":{"@type":"Flow","@id":"13fb197f-d016-3a2f-bf09-d0ee4b7d8770","name":"photovoltaic panel factory"},"unit":{"@type":"Unit","@id":"6dabe201-aaac-4509-92f0-d00c26cb72ab","name":"Item(s)"},"flowProperty":{"@type":"FlowProperty","@id":"01846770-4cfe-4a25-8ad9-919d8d378345","name":"Number of items"},"uncertainty":{"@type":"Uncertainty","distributionType":"LOG_NORMAL_DISTRIBUTION","geomMean":4.0E-6,"geomSd":1.729310125349922}},{"@type":"Exchange","avoidedProduct":false,"input":true,"amount":0.01098,"flow":{"@type":"Flow","@id":"75ac36dd-ffcd-346a-90ef-d0898b207c9c","name":"tin"},"unit":{"@type":"Unit","@id":"20aadc24-a391-41cf-b340-3e4529f44bde","name":"kg"},"flowProperty":{"@type":"FlowProperty","@id":"93a60a56-a3c8-11da-a746-0800200b9a66","name":"Mass"},"uncertainty":{"@type":"Uncertainty","distributionType":"LOG_NORMAL_DISTRIBUTION","geomMean":0.01098,"geomSd":1.0}},{"@type":"Exchange","avoidedProduct":false,"input":true,"amount":2.6665,"flow":{"@type":"Flow","@id":"1ede70a7-5e6c-3757-89c9-566a727f42e8","name":"tap water"},"unit":{"@type":"Unit","@id":"20aadc24-a391-41cf-b340-3e4529f44bde","name":"kg"},"flowProperty":{"@type":"FlowProperty","@id":"93a60a56-a3c8-11da-a746-0800200b9a66","name":"Mass"},"uncertainty":{"@type":"Uncertainty","distributionType":"LOG_NORMAL_DISTRIBUTION","geomMean":2.6665,"geomSd":1.0}},{"@type":"Exchange","avoidedProduct":false,"input":true,"amount":0.044956,"flow":{"@type":"Flow","@id":"79db2221-afb5-383a-a238-7f8c4b4bcb69","name":"copper"},"unit":{"@type":"Unit","@id":"20aadc24-a391-41cf-b340-3e4529f44bde","name":"kg"},"flowProperty":{"@type":"FlowProperty","@id":"93a60a56-a3c8-11da-a746-0800200b9a66","name":"Mass"},"uncertainty":{"@type":"Uncertainty","distributionType":"LOG_NORMAL_DISTRIBUTION","geomMean":0.044956,"geomSd":1.0}},{"@type":"Exchange","avoidedProduct":false,"input":true,"amount":0.01098,"flow":{"@type":"Flow","@id":"dcd6bd9e-3ac9-3a29-bebc-9e1f9e02dfb6","name":"molybdenum"},"unit":{"@type":"Unit","@id":"20aadc24-a391-41cf-b340-3e4529f44bde","name":"kg"},"flowProperty":{"@type":"FlowProperty","@id":"93a60a56-a3c8-11da-a746-0800200b9a66","name":"Mass"},"uncertainty":{"@type":"Uncertainty","distributionType":"LOG_NORMAL_DISTRIBUTION","geomMean":0.01098,"geomSd":1.0}},{"@type":"Exchange","avoidedProduct":false,"input":true,"amount":2.7778,"flow":{"@type":"Flow","@id":"e43dcdee-7df7-3c60-825d-3f20daeba33a","name":"nitrogen, liquid"},"unit":{"@type":"Unit","@id":"20aadc24-a391-41cf-b340-3e4529f44bde","name":"kg"},"flowProperty":{"@type":"FlowProperty","@id":"93a60a56-a3c8-11da-a746-0800200b9a66","name":"Mass"},"uncertainty":{"@type":"Uncertainty","distributionType":"LOG_NORMAL_DISTRIBUTION","geomMean":2.7778,"geomSd":1.0}},{"@type":"Exchange","avoidedProduct":false,"input":true,"amount":0.01098,"flow":{"@type":"Flow","@id":"c42fe946-616e-322f-a116-6304147bccd8","name":"selenium"},"unit":{"@type":"Unit","@id":"20aadc24-a391-41cf-b340-3e4529f44bde","name":"kg"},"flowProperty":{"@type":"FlowProperty","@id":"93a60a56-a3c8-11da-a746-0800200b9a66","name":"Mass"},"uncertainty":{"@type":"Uncertainty","distributionType":"LOG_NORMAL_DISTRIBUTION","geomMean":0.01098,"geomSd":1.0}},{"@type":"Exchange","avoidedProduct":false,"input":true,"amount":0.0071952,"flow":{"@type":"Flow","@id":"4cd7a658-16e5-30e6-8b12-2b40b730b010","name":"argon, liquid"},"unit":{"@type":"Unit","@id":"20aadc24-a391-41cf-b340-3e4529f44bde","name":"kg"},"flowProperty":{"@type":"FlowProperty","@id":"93a60a56-a3c8-11da-a746-0800200b9a66","name":"Mass"},"uncertainty":{"@type":"Uncertainty","distributionType":"LOG_NORMAL_DISTRIBUTION","geomMean":0.0071952,"geomSd":1.0}},{"@type":"Exchange","avoidedProduct":false,"input":true,"amount":0.0054898,"flow":{"@type":"Flow","@id":"c1b45894-131e-3978-a4d7-ebb15ea1cd77","name":"indium"},"unit":{"@type":"Unit","@id":"20aadc24-a391-41cf-b340-3e4529f44bde","name":"kg"},"flowProperty":{"@type":"FlowProperty","@id":"93a60a56-a3c8-11da-a746-0800200b9a66","name":"Mass"},"uncertainty":{"@type":"Uncertainty","distributionType":"LOG_NORMAL_DISTRIBUTION","geomMean":0.0054898,"geomSd":1.0}},{"@type":"Exchange","avoidedProduct":false,"input":false,"amount":7.73500000000003E-6,"flow":{"@type":"Flow","@id":"995f3484-64f1-4d38-bc97-5364463e02b0","name":"Water"},"unit":{"@type":"Unit","@id":"1c3a9695-398d-4b1f-b07e-a8715b610f70","name":"m3"},"flowProperty":{"@type":"FlowProperty","@id":"93a60a56-a3c8-22da-a746-0800200c9a66","name":"Volume"},"uncertainty":{"@type":"Uncertainty","distributionType":"LOG_NORMAL_DISTRIBUTION","geomMean":7.73500000000003E-6,"geomSd":1.2214027581601699}},{"@type":"Exchange","avoidedProduct":false,"input":true,"amount":0.011765,"flow":{"@type":"Flow","@id":"74269aed-4236-3fff-964d-c7fb250197cf","name":"acetone, liquid"},"unit":{"@type":"Unit","@id":"20aadc24-a391-41cf-b340-3e4529f44bde","name":"kg"},"flowProperty":{"@type":"FlowProperty","@id":"93a60a56-a3c8-11da-a746-0800200b9a66","name":"Mass"},"uncertainty":{"@type":"Uncertainty","distributionType":"LOG_NORMAL_DISTRIBUTION","geomMean":0.011765,"geomSd":1.0}},{"@type":"Exchange","avoidedProduct":false,"input":true,"amount":-0.034411,"flow":{"@type":"Flow","@id":"b0bb45d0-27a3-3d09-b48a-319c5b54256d","name":"waste, from silicon wafer production, inorganic"},"unit":{"@type":"Unit","@id":"20aadc24-a391-41cf-b340-3e4529f44bde","name":"kg"},"flowProperty":{"@type":"FlowProperty","@id":"93a60a56-a3c8-11da-a746-0800200b9a66","name":"Mass"},"uncertainty":{"@type":"Uncertainty","distributionType":"LOG_NORMAL_DISTRIBUTION","geomMean":-0.034411,"geomSd":1.1051709180756477}},{"@type":"Exchange","avoidedProduct":false,"input":true,"amount":0.12536,"flow":{"@type":"Flow","@id":"519875ab-f11f-39fe-bbff-76088995931f","name":"urea, as N"},"unit":{"@type":"Unit","@id":"20aadc24-a391-41cf-b340-3e4529f44bde","name":"kg"},"flowProperty":{"@type":"FlowProperty","@id":"93a60a56-a3c8-11da-a746-0800200b9a66","name":"Mass"},"uncertainty":{"@type":"Uncertainty","distributionType":"LOG_NORMAL_DISTRIBUTION","geomMean":0.12536,"geomSd":1.0}},{"@type":"Exchange","avoidedProduct":false,"input":true,"amount":0.29333,"flow":{"@type":"Flow","@id":"25545809-7630-3de5-b8c8-6c72fa7f1540","name":"ammonia, liquid"},"unit":{"@type":"Unit","@id":"20aadc24-a391-41cf-b340-3e4529f44bde","name":"kg"},"flowProperty":{"@type":"FlowProperty","@id":"93a60a56-a3c8-11da-a746-0800200b9a66","name":"Mass"},"uncertainty":{"@type":"Uncertainty","distributionType":"LOG_NORMAL_DISTRIBUTION","geomMean":0.29333,"geomSd":1.0}},{"@type":"Exchange","avoidedProduct":false,"input":true,"amount":0.01098,"flow":{"@type":"Flow","@id":"d19337f6-ce1e-3565-89c8-1734ce49f9bb","name":"gallium, semiconductor-grade"},"unit":{"@type":"Unit","@id":"20aadc24-a391-41cf-b340-3e4529f44bde","name":"kg"},"flowProperty":{"@type":"FlowProperty","@id":"93a60a56-a3c8-11da-a746-0800200b9a66","name":"Mass"},"uncertainty":{"@type":"Uncertainty","distributionType":"LOG_NORMAL_DISTRIBUTION","geomMean":0.01098,"geomSd":1.0}},{"@type":"Exchange","avoidedProduct":false,"input":true,"amount":0.012077,"flow":{"@type":"Flow","@id":"ba2d700a-b839-31c8-b6ca-e458b3bc8589","name":"zinc"},"unit":{"@type":"Unit","@id":"20aadc24-a391-41cf-b340-3e4529f44bde","name":"kg"},"flowProperty":{"@type":"FlowProperty","@id":"93a60a56-a3c8-11da-a746-0800200b9a66","name":"Mass"},"uncertainty":{"@type":"Uncertainty","distributionType":"LOG_NORMAL_DISTRIBUTION","geomMean":0.012077,"geomSd":1.0}},{"@type":"Exchange","avoidedProduct":false,"input":false,"amount":2.1E-8,"flow":{"@type":"Flow","@id":"36e53653-1338-42c7-816c-f6667809e0b1","name":"Cadmium"},"unit":{"@type":"Unit","@id":"20aadc24-a391-41cf-b340-3e4529f44bde","name":"kg"},"flowProperty":{"@type":"FlowProperty","@id":"93a60a56-a3c8-11da-a746-0800200b9a66","name":"Mass"},"uncertainty":{"@type":"Uncertainty","distributionType":"LOG_NORMAL_DISTRIBUTION","geomMean":2.1E-8,"geomSd":2.253318098771297}},{"@type":"Exchange","avoidedProduct":false,"input":true,"amount":0.86806,"flow":{"@type":"Flow","@id":"e3907536-0405-32ab-a545-7d7006f75575","name":"ethylvinylacetate, foil"},"unit":{"@type":"Unit","@id":"20aadc24-a391-41cf-b340-3e4529f44bde","name":"kg"},"flowProperty":{"@type":"FlowProperty","@id":"93a60a56-a3c8-11da-a746-0800200b9a66","name":"Mass"},"uncertainty":{"@type":"Uncertainty","distributionType":"LOG_NORMAL_DISTRIBUTION","geomMean":0.86806,"geomSd":1.0}},{"@type":"Exchange","avoidedProduct":false,"input":false,"amount":0.026665,"flow":{"@type":"Flow","@id":"8864b4ad-7348-469e-b2d3-48610ffd4fca","name":"Water"},"unit":{"@type":"Unit","@id":"20aadc24-a391-41cf-b340-3e4529f44bde","name":"kg"},"flowProperty":{"@type":"FlowProperty","@id":"93a60a56-a3c8-11da-a746-0800200b9a66","name":"Mass"},"uncertainty":{"@type":"Uncertainty","distributionType":"LOG_NORMAL_DISTRIBUTION","geomMean":2.6665E-5,"geomSd":1.2214027581601699}},{"@type":"Exchange","avoidedProduct":false,"input":false,"amount":1.0,"flow":{"@type":"Flow","@id":"3be02eff-c381-4d20-9726-ff0accb73d1d","name":"PV film flisom"},"unit":{"@type":"Unit","@id":"3ce61faa-5716-41c1-aef6-b5920054acc9","name":"m2"},"flowProperty":{"@type":"FlowProperty","@id":"93a60a56-a3c8-19da-a746-0800200c9a66","name":"Area"}},{"@type":"Exchange","avoidedProduct":false,"input":true,"amount":30.0,"flow":{"@type":"Flow","@id":"2fb90d29-e0e8-356e-a91f-4bff500f2c70","name":"laser machining, metal, with CO2-laser, 2000W power"},"unit":{"@type":"Unit","@id":"845178d8-3f2c-497f-9ca6-3c5657c2823c","name":"s"},"flowProperty":{"@type":"FlowProperty","@id":"c0447923-0e60-4b3c-97c2-a86dddd9eea5","name":"Duration"}}]}