{"@context":{"@vocab":"http://openlca.org/schema/v1.0/","@base":"http://openlca.org/schema/v1.0/","modelType":{"@type":"@vocab"},"flowPropertyType":{"@type":"@vocab"},"flowType":{"@type":"@vocab"},"distributionType":{"@type":"@vocab"},"parameterScope":{"@type":"@vocab"},"allocationType":{"@type":"@vocab"},"defaultAllocationMethod":{"@type":"@vocab"},"processType":{"@type":"@vocab"}},"@type":"Process","@id":"a4e069d5-eab7-4819-9452-e509e67dd9d2","name":"HONR Actuator","description":"","category":{"@type":"Category","@id":"0b448f5c-ae7d-4292-b3bc-bb6fa3b6adc6","name":"1: Level 1"},"version":"00.00.007","lastChange":"2015-11-13T22:01:06.497+01:00","processTyp":"UNIT_PROCESS","location":{"@type":"Location","@id":"d88fc6ed-f21e-3464-935f-f76288b84103","name":"Switzerland"},"processDocumentation":{"@type":"ProcessDocumentation","copyright":false,"creationDate":"2015-11-13T20:37:18.352+01:00"},"exchanges":[{"@type":"Exchange","avoidedProduct":false,"input":false,"amount":1.0,"flow":{"@type":"Flow","@id":"1921ee03-b53f-4317-a6be-820023d61dea","name":"HONR Actuator"},"unit":{"@type":"Unit","@id":"6dabe201-aaac-4509-92f0-d00c26cb72ab","name":"Item(s)"},"flowProperty":{"@type":"FlowProperty","@id":"01846770-4cfe-4a25-8ad9-919d8d378345","name":"Number of items"},"quantitativeReference":true},{"@type":"Exchange","avoidedProduct":false,"input":true,"amount":1.0,"flow":{"@type":"Flow","@id":"a8e947eb-ca8f-4b7c-9f76-7c529483bc0a","name":"Silicone chamber"},"unit":{"@type":"Unit","@id":"6dabe201-aaac-4509-92f0-d00c26cb72ab","name":"Item(s)"},"flowProperty":{"@type":"FlowProperty","@id":"01846770-4cfe-4a25-8ad9-919d8d378345","name":"Number of items"}},{"@type":"Exchange","avoidedProduct":false,"input":true,"amount":1.0,"flow":{"@type":"Flow","@id":"d1014119-da07-498e-b36c-5f71a531ec27","name":"Vacuuming actuator"},"unit":{"@type":"Unit","@id":"6dabe201-aaac-4509-92f0-d00c26cb72ab","name":"Item(s)"},"flowProperty":{"@type":"FlowProperty","@id":"01846770-4cfe-4a25-8ad9-919d8d378345","name":"Number of items"}},{"@type":"Exchange","avoidedProduct":false,"input":true,"amount":3.0,"flow":{"@type":"Flow","@id":"fe3c9d47-e89e-48ab-b83b-d046bfec4d56","name":"Tubes"},"unit":{"@type":"Unit","@id":"3d314eab-ef11-4ff3-a35e-9bc5cd858694","name":"m"},"flowProperty":{"@type":"FlowProperty","@id":"838aaa23-0117-11db-92e3-0800200c9a66","name":"Length"}},{"@type":"Exchange","avoidedProduct":false,"input":true,"amount":0.0185,"flow":{"@type":"Flow","@id":"453086c2-8ea2-42ed-9014-23c9fcf180a7","name":"Mold for actuator"},"unit":{"@type":"Unit","@id":"6dabe201-aaac-4509-92f0-d00c26cb72ab","name":"Item(s)"},"flowProperty":{"@type":"FlowProperty","@id":"01846770-4cfe-4a25-8ad9-919d8d378345","name":"Number of items"}},{"@type":"Exchange","avoidedProduct":false,"input":true,"amount":1.0,"flow":{"@type":"Flow","@id":"236a4569-44dc-42f7-9167-8f75b7d3b534","name":"Baking actuator"},"unit":{"@type":"Unit","@id":"6dabe201-aaac-4509-92f0-d00c26cb72ab","name":"Item(s)"},"flowProperty":{"@type":"FlowProperty","@id":"01846770-4cfe-4a25-8ad9-919d8d378345","name":"Number of items"}},{"@type":"Exchange","avoidedProduct":false,"input":true,"amount":3.0,"flow":{"@type":"Flow","@id":"d831d038-fab2-492a-b542-a274059d2e85","name":"Hose connector type GRS"},"unit":{"@type":"Unit","@id":"6dabe201-aaac-4509-92f0-d00c26cb72ab","name":"Item(s)"},"flowProperty":{"@type":"FlowProperty","@id":"01846770-4cfe-4a25-8ad9-919d8d378345","name":"Number of items"}},{"@type":"Exchange","avoidedProduct":false,"input":true,"amount":3.0,"flow":{"@type":"Flow","@id":"5e670cc8-592f-45af-9b9f-825379a21f3c","name":"Steel ring"},"unit":{"@type":"Unit","@id":"6dabe201-aaac-4509-92f0-d00c26cb72ab","name":"Item(s)"},"flowProperty":{"@type":"FlowProperty","@id":"01846770-4cfe-4a25-8ad9-919d8d378345","name":"Number of items"}},{"@type":"Exchange","avoidedProduct":false,"input":true,"amount":0.3333,"flow":{"@type":"Flow","@id":"0eb44d77-5448-4789-b046-ef5c46ca5777","name":"cable for the valves"},"unit":{"@type":"Unit","@id":"6dabe201-aaac-4509-92f0-d00c26cb72ab","name":"Item(s)"},"flowProperty":{"@type":"FlowProperty","@id":"01846770-4cfe-4a25-8ad9-919d8d378345","name":"Number of items"}},{"@type":"Exchange","avoidedProduct":false,"input":true,"amount":0.3333,"flow":{"@type":"Flow","@id":"3537bced-83ce-4fc8-a7e4-cb2d1a8b0e80","name":"2-2 way valve"},"unit":{"@type":"Unit","@id":"6dabe201-aaac-4509-92f0-d00c26cb72ab","name":"Item(s)"},"flowProperty":{"@type":"FlowProperty","@id":"01846770-4cfe-4a25-8ad9-919d8d378345","name":"Number of items"}},{"@type":"Exchange","avoidedProduct":false,"input":true,"amount":0.0185,"flow":{"@type":"Flow","@id":"3921a2e3-1764-43b1-93b1-c46763012770","name":"Air compressor"},"unit":{"@type":"Unit","@id":"6dabe201-aaac-4509-92f0-d00c26cb72ab","name":"Item(s)"},"flowProperty":{"@type":"FlowProperty","@id":"01846770-4cfe-4a25-8ad9-919d8d378345","name":"Number of items"}}]}