{"@context":{"@vocab":"http://openlca.org/schema/v1.0/","@base":"http://openlca.org/schema/v1.0/","modelType":{"@type":"@vocab"},"flowPropertyType":{"@type":"@vocab"},"flowType":{"@type":"@vocab"},"distributionType":{"@type":"@vocab"},"parameterScope":{"@type":"@vocab"},"allocationType":{"@type":"@vocab"},"defaultAllocationMethod":{"@type":"@vocab"},"processType":{"@type":"@vocab"}},"@type":"Process","@id":"b2330053-d0a8-4a1c-bda9-f1408e95c983","name":"Air compressor","description":"0.75 kW","category":{"@type":"Category","@id":"3861e758-3ad8-439b-a849-aaac501a44a0","name":"2: Level 2"},"version":"00.00.006","lastChange":"2015-08-20T14:43:22.497+02:00","processTyp":"UNIT_PROCESS","location":{"@type":"Location","@id":"d88fc6ed-f21e-3464-935f-f76288b84103","name":"Switzerland"},"processDocumentation":{"@type":"ProcessDocumentation","copyright":false,"creationDate":"2015-08-18T21:06:02.623+02:00"},"exchanges":[{"@type":"Exchange","avoidedProduct":false,"input":false,"amount":1.0,"flow":{"@type":"Flow","@id":"3921a2e3-1764-43b1-93b1-c46763012770","name":"Air compressor"},"unit":{"@type":"Unit","@id":"6dabe201-aaac-4509-92f0-d00c26cb72ab","name":"Item(s)"},"flowProperty":{"@type":"FlowProperty","@id":"01846770-4cfe-4a25-8ad9-919d8d378345","name":"Number of items"},"quantitativeReference":true},{"@type":"Exchange","avoidedProduct":false,"input":true,"amount":0.1875,"flow":{"@type":"Flow","@id":"cac41ad0-25fc-30e8-bab4-7aa4c8462243","name":"air compressor, screw-type compressor, 4kW"},"unit":{"@type":"Unit","@id":"6dabe201-aaac-4509-92f0-d00c26cb72ab","name":"Item(s)"},"flowProperty":{"@type":"FlowProperty","@id":"01846770-4cfe-4a25-8ad9-919d8d378345","name":"Number of items"}}]}