{"@context":{"@vocab":"http://openlca.org/schema/v1.0/","@base":"http://openlca.org/schema/v1.0/","modelType":{"@type":"@vocab"},"flowPropertyType":{"@type":"@vocab"},"flowType":{"@type":"@vocab"},"distributionType":{"@type":"@vocab"},"parameterScope":{"@type":"@vocab"},"allocationType":{"@type":"@vocab"},"defaultAllocationMethod":{"@type":"@vocab"},"processType":{"@type":"@vocab"}},"@type":"Flow","@id":"1ede70a7-5e6c-3757-89c9-566a727f42e8","name":"tap water","description":"EcoSpold 2 intermediate exchange, ID \u003d c5adb1fb-872e-4446-a3bb-c4b61aa4bd45","category":{"@type":"Category","@id":"af0880f3-6c48-4d46-9c99-0e9f0fefe394","name":"3600:Water collection, treatment and supply"},"version":"00.00.000","flowType":"PRODUCT_FLOW","location":{"@type":"Location","@id":"817ed804-f0ed-3175-b39d-7576a1c242b1","name":"Europe without Switzerland"},"flowProperties":[{"@type":"FlowPropertyFactor","referenceFlowProperty":true,"flowProperty":{"@type":"FlowProperty","@id":"93a60a56-a3c8-11da-a746-0800200b9a66","name":"Mass"},"conversionFactor":1.0}]}