{"@context":{"@vocab":"http://openlca.org/schema/v1.0/","@base":"http://openlca.org/schema/v1.0/","modelType":{"@type":"@vocab"},"flowPropertyType":{"@type":"@vocab"},"flowType":{"@type":"@vocab"},"distributionType":{"@type":"@vocab"},"parameterScope":{"@type":"@vocab"},"allocationType":{"@type":"@vocab"},"defaultAllocationMethod":{"@type":"@vocab"},"processType":{"@type":"@vocab"}},"@type":"Flow","@id":"4b34c36c-11a3-32e5-8f3a-ca4c07485aa5","name":"extrusion, plastic pipes","description":"EcoSpold 2 intermediate exchange, ID \u003d 406ae9de-8894-4c8b-a601-40b7e849b66d","category":{"@type":"Category","@id":"c2fd32e9-573e-4692-ad95-8bdb1eabc405","name":"2220:Manufacture of plastics products"},"version":"00.00.000","flowType":"PRODUCT_FLOW","location":{"@type":"Location","@id":"d66c264e-1dbd-33e6-911d-3ffc70908e8e","name":"Europe"},"flowProperties":[{"@type":"FlowPropertyFactor","referenceFlowProperty":true,"flowProperty":{"@type":"FlowProperty","@id":"93a60a56-a3c8-11da-a746-0800200b9a66","name":"Mass"},"conversionFactor":1.0}]}