{"@context":{"@vocab":"http://openlca.org/schema/v1.0/","@base":"http://openlca.org/schema/v1.0/","modelType":{"@type":"@vocab"},"flowPropertyType":{"@type":"@vocab"},"flowType":{"@type":"@vocab"},"distributionType":{"@type":"@vocab"},"parameterScope":{"@type":"@vocab"},"allocationType":{"@type":"@vocab"},"defaultAllocationMethod":{"@type":"@vocab"},"processType":{"@type":"@vocab"}},"@type":"Flow","@id":"519875ab-f11f-39fe-bbff-76088995931f","name":"urea, as N","description":"EcoSpold 2 intermediate exchange, ID \u003d 9e0c9c28-7d8f-4f18-a769-bff3a4c8c1e5","category":{"@type":"Category","@id":"dd0e1f2c-c420-4efa-a374-f206da23f302","name":"2012:Manufacture of fertilizers and nitrogen compounds"},"version":"00.00.000","flowType":"PRODUCT_FLOW","location":{"@type":"Location","@id":"56bca136-90bb-3a77-9abb-7ce558af711e","name":"Global"},"flowProperties":[{"@type":"FlowPropertyFactor","referenceFlowProperty":true,"flowProperty":{"@type":"FlowProperty","@id":"93a60a56-a3c8-11da-a746-0800200b9a66","name":"Mass"},"conversionFactor":1.0}]}