{"@context":{"@vocab":"http://openlca.org/schema/v1.0/","@base":"http://openlca.org/schema/v1.0/","modelType":{"@type":"@vocab"},"flowPropertyType":{"@type":"@vocab"},"flowType":{"@type":"@vocab"},"distributionType":{"@type":"@vocab"},"parameterScope":{"@type":"@vocab"},"allocationType":{"@type":"@vocab"},"defaultAllocationMethod":{"@type":"@vocab"},"processType":{"@type":"@vocab"}},"@type":"Flow","@id":"8bc30f60-bd9b-3fb4-a5f8-bf65e25b5b26","name":"deep drawing, steel, 10000 kN press, automode","description":"EcoSpold 2 intermediate exchange, ID \u003d f10b8722-4be1-43d5-b17d-c51ad0e29d29","category":{"@type":"Category","@id":"0433b47f-e970-4fa7-a0c9-b7c82ca7268e","name":"2591:Forging, pressing, stamping and roll-forming of metal; powder metallurgy"},"version":"00.00.000","flowType":"PRODUCT_FLOW","location":{"@type":"Location","@id":"d66c264e-1dbd-33e6-911d-3ffc70908e8e","name":"Europe"},"flowProperties":[{"@type":"FlowPropertyFactor","referenceFlowProperty":true,"flowProperty":{"@type":"FlowProperty","@id":"93a60a56-a3c8-11da-a746-0800200b9a66","name":"Mass"},"conversionFactor":1.0}]}