{"@context":{"@vocab":"http://openlca.org/schema/v1.0/","@base":"http://openlca.org/schema/v1.0/","modelType":{"@type":"@vocab"},"flowPropertyType":{"@type":"@vocab"},"flowType":{"@type":"@vocab"},"distributionType":{"@type":"@vocab"},"parameterScope":{"@type":"@vocab"},"allocationType":{"@type":"@vocab"},"defaultAllocationMethod":{"@type":"@vocab"},"processType":{"@type":"@vocab"}},"@type":"Flow","@id":"dc9b5112-90b8-399d-9d7f-2aa0215f79c8","name":"electricity, high voltage","description":"EcoSpold 2 intermediate exchange, ID \u003d 66c93e71-f32b-4591-901c-55395db5c132","category":{"@type":"Category","@id":"46ecf63a-fe40-3089-b3d1-0d2ad8eb6323","name":"D:Electricity, gas, steam and air conditioning supply"},"version":"00.00.000","flowType":"PRODUCT_FLOW","location":{"@type":"Location","@id":"8ebf61e1-cf59-357c-b93d-225d0ccb7181","name":"European Network of Transmission Systems Operators for Electricity"},"flowProperties":[{"@type":"FlowPropertyFactor","referenceFlowProperty":true,"flowProperty":{"@type":"FlowProperty","@id":"f6811440-ee37-11de-8a39-0800200c9a66","name":"Energy"},"conversionFactor":1.0}]}