{"@context":{"@vocab":"http://openlca.org/schema/v1.0/","@base":"http://openlca.org/schema/v1.0/","modelType":{"@type":"@vocab"},"flowPropertyType":{"@type":"@vocab"},"flowType":{"@type":"@vocab"},"distributionType":{"@type":"@vocab"},"parameterScope":{"@type":"@vocab"},"allocationType":{"@type":"@vocab"},"defaultAllocationMethod":{"@type":"@vocab"},"processType":{"@type":"@vocab"}},"@type":"Flow","@id":"e3907536-0405-32ab-a545-7d7006f75575","name":"ethylvinylacetate, foil","description":"EcoSpold 2 intermediate exchange, ID \u003d 4e735e76-09eb-493b-87b9-e22d9550e4ad","category":{"@type":"Category","@id":"c2fd32e9-573e-4692-ad95-8bdb1eabc405","name":"2220:Manufacture of plastics products"},"version":"00.00.000","flowType":"PRODUCT_FLOW","location":{"@type":"Location","@id":"56bca136-90bb-3a77-9abb-7ce558af711e","name":"Global"},"flowProperties":[{"@type":"FlowPropertyFactor","referenceFlowProperty":true,"flowProperty":{"@type":"FlowProperty","@id":"93a60a56-a3c8-11da-a746-0800200b9a66","name":"Mass"},"conversionFactor":1.0}]}