{"@context":{"@vocab":"http://openlca.org/schema/v1.0/","@base":"http://openlca.org/schema/v1.0/","modelType":{"@type":"@vocab"},"flowPropertyType":{"@type":"@vocab"},"flowType":{"@type":"@vocab"},"distributionType":{"@type":"@vocab"},"parameterScope":{"@type":"@vocab"},"allocationType":{"@type":"@vocab"},"defaultAllocationMethod":{"@type":"@vocab"},"processType":{"@type":"@vocab"}},"@type":"Source","@id":"330fe2f2-0774-48a2-ab10-6890d99c01af","name":"Jungbluth, N. et al. 2007","description":"CD-ROM;EcoSpold01Number\u003d202","version":"00.00.000","textReference":"Jungbluth, N., Tuchschmid, M.: Photovoltaics. Dübendorf and Villigen, CH 2007"}