{"@context":{"@vocab":"http://openlca.org/schema/v1.0/","@base":"http://openlca.org/schema/v1.0/","modelType":{"@type":"@vocab"},"flowPropertyType":{"@type":"@vocab"},"flowType":{"@type":"@vocab"},"distributionType":{"@type":"@vocab"},"parameterScope":{"@type":"@vocab"},"allocationType":{"@type":"@vocab"},"defaultAllocationMethod":{"@type":"@vocab"},"processType":{"@type":"@vocab"}},"@type":"Category","@id":"0405f4f1-aadb-4769-a823-a4f90cc6035e","name":"3822:Treatment and disposal of hazardous waste","modelType":"FLOW","parentCategory":{"@type":"Category","@id":"63a50090-c123-4bea-ae40-a5dee2086976","name":"382:Waste treatment and disposal"}}