{"@context":{"@vocab":"http://openlca.org/schema/v1.0/","@base":"http://openlca.org/schema/v1.0/","modelType":{"@type":"@vocab"},"flowPropertyType":{"@type":"@vocab"},"flowType":{"@type":"@vocab"},"distributionType":{"@type":"@vocab"},"parameterScope":{"@type":"@vocab"},"allocationType":{"@type":"@vocab"},"defaultAllocationMethod":{"@type":"@vocab"},"processType":{"@type":"@vocab"}},"@type":"Category","@id":"0433b47f-e970-4fa7-a0c9-b7c82ca7268e","name":"2591:Forging, pressing, stamping and roll-forming of metal; powder metallurgy","modelType":"FLOW","parentCategory":{"@type":"Category","@id":"4dc785fb-b431-4604-a1e4-ef607805aacc","name":"259:Manufacture of other fabricated metal products; metalworking service activit"}}