{"@context":{"@vocab":"http://openlca.org/schema/v1.0/","@base":"http://openlca.org/schema/v1.0/","modelType":{"@type":"@vocab"},"flowPropertyType":{"@type":"@vocab"},"flowType":{"@type":"@vocab"},"distributionType":{"@type":"@vocab"},"parameterScope":{"@type":"@vocab"},"allocationType":{"@type":"@vocab"},"defaultAllocationMethod":{"@type":"@vocab"},"processType":{"@type":"@vocab"}},"@type":"Category","@id":"05526015-8bf0-3b1f-9e21-b1ba00928ac9","name":"281:Manufacture of general-purpose machinery","modelType":"FLOW","parentCategory":{"@type":"Category","@id":"dba994ef-caad-3745-86e2-17a886876d1b","name":"28:Manufacture of machinery and equipment n.e.c."}}