{"@context":{"@vocab":"http://openlca.org/schema/v1.0/","@base":"http://openlca.org/schema/v1.0/","modelType":{"@type":"@vocab"},"flowPropertyType":{"@type":"@vocab"},"flowType":{"@type":"@vocab"},"distributionType":{"@type":"@vocab"},"parameterScope":{"@type":"@vocab"},"allocationType":{"@type":"@vocab"},"defaultAllocationMethod":{"@type":"@vocab"},"processType":{"@type":"@vocab"}},"@type":"Category","@id":"06dfe450-09d2-3a61-8646-0714dedd27b8","name":"351:Electric power generation, transmission and distribution","modelType":"FLOW","parentCategory":{"@type":"Category","@id":"053db31c-130d-4b2f-9c7e-2defe72b2abe","name":"35:Electricity, gas, steam and air conditioning supply"}}