{"@context":{"@vocab":"http://openlca.org/schema/v1.0/","@base":"http://openlca.org/schema/v1.0/","modelType":{"@type":"@vocab"},"flowPropertyType":{"@type":"@vocab"},"flowType":{"@type":"@vocab"},"distributionType":{"@type":"@vocab"},"parameterScope":{"@type":"@vocab"},"allocationType":{"@type":"@vocab"},"defaultAllocationMethod":{"@type":"@vocab"},"processType":{"@type":"@vocab"}},"@type":"Category","@id":"12ac8912-b8ee-386b-9c3c-20316eacc659","name":"279:Manufacture of other electrical equipment","modelType":"FLOW","parentCategory":{"@type":"Category","@id":"cc54013d-771e-42c7-800e-f16da8a4973c","name":"27:Manufacture of electrical equipment"}}