{"@context":{"@vocab":"http://openlca.org/schema/v1.0/","@base":"http://openlca.org/schema/v1.0/","modelType":{"@type":"@vocab"},"flowPropertyType":{"@type":"@vocab"},"flowType":{"@type":"@vocab"},"distributionType":{"@type":"@vocab"},"parameterScope":{"@type":"@vocab"},"allocationType":{"@type":"@vocab"},"defaultAllocationMethod":{"@type":"@vocab"},"processType":{"@type":"@vocab"}},"@type":"Category","@id":"15068cc7-67b0-3c19-bbd0-28623e406cc2","name":"242:Manufacture of basic precious and other non-ferrous metals","modelType":"FLOW","parentCategory":{"@type":"Category","@id":"85a93e46-f798-3506-90fb-e7d8023fb157","name":"24:Manufacture of basic metals"}}