{"@context":{"@vocab":"http://openlca.org/schema/v1.0/","@base":"http://openlca.org/schema/v1.0/","modelType":{"@type":"@vocab"},"flowPropertyType":{"@type":"@vocab"},"flowType":{"@type":"@vocab"},"distributionType":{"@type":"@vocab"},"parameterScope":{"@type":"@vocab"},"allocationType":{"@type":"@vocab"},"defaultAllocationMethod":{"@type":"@vocab"},"processType":{"@type":"@vocab"}},"@type":"Category","@id":"164b3f59-6ef5-3497-9262-02225fc7247c","name":"07:Mining of metal ores","modelType":"FLOW","parentCategory":{"@type":"Category","@id":"79fe6f78-8eea-3cde-a969-c45215e0509b","name":"B:Mining and quarrying"}}