{"@context":{"@vocab":"http://openlca.org/schema/v1.0/","@base":"http://openlca.org/schema/v1.0/","modelType":{"@type":"@vocab"},"flowPropertyType":{"@type":"@vocab"},"flowType":{"@type":"@vocab"},"distributionType":{"@type":"@vocab"},"parameterScope":{"@type":"@vocab"},"allocationType":{"@type":"@vocab"},"defaultAllocationMethod":{"@type":"@vocab"},"processType":{"@type":"@vocab"}},"@type":"Category","@id":"7ce7fd41-2803-426a-bc01-9e95118e8b77","name":"4923:Freight transport by road","modelType":"FLOW","parentCategory":{"@type":"Category","@id":"87b96028-35fa-39fa-b563-a1bce23e29ed","name":"492:Other land transport"}}