{"@context":{"@vocab":"http://openlca.org/schema/v1.0/","@base":"http://openlca.org/schema/v1.0/","modelType":{"@type":"@vocab"},"flowPropertyType":{"@type":"@vocab"},"flowType":{"@type":"@vocab"},"distributionType":{"@type":"@vocab"},"parameterScope":{"@type":"@vocab"},"allocationType":{"@type":"@vocab"},"defaultAllocationMethod":{"@type":"@vocab"},"processType":{"@type":"@vocab"}},"@type":"Category","@id":"7d890754-3fe6-42a3-854f-7a085e1afe55","name":"2592:Treatment and coating of metals; machining","modelType":"FLOW","parentCategory":{"@type":"Category","@id":"4dc785fb-b431-4604-a1e4-ef607805aacc","name":"259:Manufacture of other fabricated metal products; metalworking service activit"}}