{"@context":{"@vocab":"http://openlca.org/schema/v1.0/","@base":"http://openlca.org/schema/v1.0/","modelType":{"@type":"@vocab"},"flowPropertyType":{"@type":"@vocab"},"flowType":{"@type":"@vocab"},"distributionType":{"@type":"@vocab"},"parameterScope":{"@type":"@vocab"},"allocationType":{"@type":"@vocab"},"defaultAllocationMethod":{"@type":"@vocab"},"processType":{"@type":"@vocab"}},"@type":"Category","@id":"823c7ba9-f540-4365-b43e-377a8c95a7c7","name":"2813:Manufacture of other pumps, compressors, taps and valves","modelType":"FLOW","parentCategory":{"@type":"Category","@id":"05526015-8bf0-3b1f-9e21-b1ba00928ac9","name":"281:Manufacture of general-purpose machinery"}}