{"@context":{"@vocab":"http://openlca.org/schema/v1.0/","@base":"http://openlca.org/schema/v1.0/","modelType":{"@type":"@vocab"},"flowPropertyType":{"@type":"@vocab"},"flowType":{"@type":"@vocab"},"distributionType":{"@type":"@vocab"},"parameterScope":{"@type":"@vocab"},"allocationType":{"@type":"@vocab"},"defaultAllocationMethod":{"@type":"@vocab"},"processType":{"@type":"@vocab"}},"@type":"Category","@id":"85a93e46-f798-3506-90fb-e7d8023fb157","name":"24:Manufacture of basic metals","modelType":"FLOW","parentCategory":{"@type":"Category","@id":"70b1e78d-5248-3b80-a1ac-4ba509ad3e9f","name":"C:Manufacturing"}}