{"@context":{"@vocab":"http://openlca.org/schema/v1.0/","@base":"http://openlca.org/schema/v1.0/","modelType":{"@type":"@vocab"},"flowPropertyType":{"@type":"@vocab"},"flowType":{"@type":"@vocab"},"distributionType":{"@type":"@vocab"},"parameterScope":{"@type":"@vocab"},"allocationType":{"@type":"@vocab"},"defaultAllocationMethod":{"@type":"@vocab"},"processType":{"@type":"@vocab"}},"@type":"Category","@id":"931405dc-42dd-3823-89c5-72d760462bb8","name":"241:Manufacture of basic iron and steel","modelType":"FLOW","parentCategory":{"@type":"Category","@id":"85a93e46-f798-3506-90fb-e7d8023fb157","name":"24:Manufacture of basic metals"}}