{"@context":{"@vocab":"http://openlca.org/schema/v1.0/","@base":"http://openlca.org/schema/v1.0/","modelType":{"@type":"@vocab"},"flowPropertyType":{"@type":"@vocab"},"flowType":{"@type":"@vocab"},"distributionType":{"@type":"@vocab"},"parameterScope":{"@type":"@vocab"},"allocationType":{"@type":"@vocab"},"defaultAllocationMethod":{"@type":"@vocab"},"processType":{"@type":"@vocab"}},"@type":"Category","@id":"bd9424ef-f8bc-4481-aa42-13ad3e82eac9","name":"2651:Manufacture of measuring, testing, navigating and control equipment","modelType":"FLOW","parentCategory":{"@type":"Category","@id":"9211a847-5d90-3800-b691-149cc11b7d82","name":"265:Manufacture of measuring, testing, navigating and control equipment; watches and clocks"}}