{"@context":{"@vocab":"http://openlca.org/schema/v1.0/","@base":"http://openlca.org/schema/v1.0/","modelType":{"@type":"@vocab"},"flowPropertyType":{"@type":"@vocab"},"flowType":{"@type":"@vocab"},"distributionType":{"@type":"@vocab"},"parameterScope":{"@type":"@vocab"},"allocationType":{"@type":"@vocab"},"defaultAllocationMethod":{"@type":"@vocab"},"processType":{"@type":"@vocab"}},"@type":"Category","@id":"c12c9d9c-3304-4656-85c9-13d1a3932e89","name":"3830:Materials recovery","modelType":"FLOW","parentCategory":{"@type":"Category","@id":"7a6ea1db-f787-3bbf-a3ad-ee620956ef7b","name":"383:Materials recovery"}}