{"@context":{"@vocab":"http://openlca.org/schema/v1.0/","@base":"http://openlca.org/schema/v1.0/","modelType":{"@type":"@vocab"},"flowPropertyType":{"@type":"@vocab"},"flowType":{"@type":"@vocab"},"distributionType":{"@type":"@vocab"},"parameterScope":{"@type":"@vocab"},"allocationType":{"@type":"@vocab"},"defaultAllocationMethod":{"@type":"@vocab"},"processType":{"@type":"@vocab"}},"@type":"Category","@id":"c52f9c4a-244c-460c-a4cf-fe1e8b7f2a54","name":"25:Manufacture of fabricated metal products, except machinery and equipment","modelType":"FLOW","parentCategory":{"@type":"Category","@id":"70b1e78d-5248-3b80-a1ac-4ba509ad3e9f","name":"C:Manufacturing"}}