{"@context":{"@vocab":"http://openlca.org/schema/v1.0/","@base":"http://openlca.org/schema/v1.0/","modelType":{"@type":"@vocab"},"flowPropertyType":{"@type":"@vocab"},"flowType":{"@type":"@vocab"},"distributionType":{"@type":"@vocab"},"parameterScope":{"@type":"@vocab"},"allocationType":{"@type":"@vocab"},"defaultAllocationMethod":{"@type":"@vocab"},"processType":{"@type":"@vocab"}},"@type":"Category","@id":"c9d2b4b6-72b3-4bb4-89bf-75ba6491e769","name":"20:Manufacture of chemicals and chemical products","modelType":"FLOW","parentCategory":{"@type":"Category","@id":"70b1e78d-5248-3b80-a1ac-4ba509ad3e9f","name":"C:Manufacturing"}}