{"@context":{"@vocab":"http://openlca.org/schema/v1.0/","@base":"http://openlca.org/schema/v1.0/","modelType":{"@type":"@vocab"},"flowPropertyType":{"@type":"@vocab"},"flowType":{"@type":"@vocab"},"distributionType":{"@type":"@vocab"},"parameterScope":{"@type":"@vocab"},"allocationType":{"@type":"@vocab"},"defaultAllocationMethod":{"@type":"@vocab"},"processType":{"@type":"@vocab"}},"@type":"Category","@id":"cc54013d-771e-42c7-800e-f16da8a4973c","name":"27:Manufacture of electrical equipment","modelType":"FLOW","parentCategory":{"@type":"Category","@id":"70b1e78d-5248-3b80-a1ac-4ba509ad3e9f","name":"C:Manufacturing"}}