{"@context":{"@vocab":"http://openlca.org/schema/v1.0/","@base":"http://openlca.org/schema/v1.0/","modelType":{"@type":"@vocab"},"flowPropertyType":{"@type":"@vocab"},"flowType":{"@type":"@vocab"},"distributionType":{"@type":"@vocab"},"parameterScope":{"@type":"@vocab"},"allocationType":{"@type":"@vocab"},"defaultAllocationMethod":{"@type":"@vocab"},"processType":{"@type":"@vocab"}},"@type":"Category","@id":"da27399e-ff0a-33e3-9451-607001ea2004","name":"36:Water collection, treatment and supply","modelType":"FLOW","parentCategory":{"@type":"Category","@id":"b858d9e3-8419-3c0e-a4bd-0318fcde00c8","name":"E:Water supply; sewerage, waste management and remediation activities"}}