{"@context":{"@vocab":"http://openlca.org/schema/v1.0/","@base":"http://openlca.org/schema/v1.0/","modelType":{"@type":"@vocab"},"flowPropertyType":{"@type":"@vocab"},"flowType":{"@type":"@vocab"},"distributionType":{"@type":"@vocab"},"parameterScope":{"@type":"@vocab"},"allocationType":{"@type":"@vocab"},"defaultAllocationMethod":{"@type":"@vocab"},"processType":{"@type":"@vocab"}},"@type":"Category","@id":"e0dc7476-65bc-47b8-92bd-81c191921767","name":"3510a: Electric power generation based on liquid fuels","modelType":"FLOW","parentCategory":{"@type":"Category","@id":"790a02bd-dde2-4f82-a288-5cd3a48a2a8d","name":"3510:Electric power generation, transmission and distribution"}}