{"@context":{"@vocab":"http://openlca.org/schema/v1.0/","@base":"http://openlca.org/schema/v1.0/","modelType":{"@type":"@vocab"},"flowPropertyType":{"@type":"@vocab"},"flowType":{"@type":"@vocab"},"distributionType":{"@type":"@vocab"},"parameterScope":{"@type":"@vocab"},"allocationType":{"@type":"@vocab"},"defaultAllocationMethod":{"@type":"@vocab"},"processType":{"@type":"@vocab"}},"@type":"Category","@id":"f661d71a-2278-35ae-a6bf-3af0bd88d54a","name":"261:Manufacture of electronic components and boards","modelType":"FLOW","parentCategory":{"@type":"Category","@id":"7eb862b8-efb4-3e86-9980-318bb4b557ac","name":"26:Manufacture of computer, electronic and optical products"}}