{"@context":{"@vocab":"http://openlca.org/schema/v1.0/","@base":"http://openlca.org/schema/v1.0/","modelType":{"@type":"@vocab"},"flowPropertyType":{"@type":"@vocab"},"flowType":{"@type":"@vocab"},"distributionType":{"@type":"@vocab"},"parameterScope":{"@type":"@vocab"},"allocationType":{"@type":"@vocab"},"defaultAllocationMethod":{"@type":"@vocab"},"processType":{"@type":"@vocab"}},"@type":"Category","@id":"f6ac06f9-f81c-4f3b-8ca7-e1c97131996a","name":"2011:Manufacture of basic chemicals","modelType":"FLOW","parentCategory":{"@type":"Category","@id":"eba48c4f-788d-3706-aa37-61fb57f87869","name":"201:Manufacture of basic chemicals, fertilizers and nitrogen compounds, plastics and synthetic rubber in primary forms"}}