{"@context":{"@vocab":"http://openlca.org/schema/v1.0/","@base":"http://openlca.org/schema/v1.0/","modelType":{"@type":"@vocab"},"flowPropertyType":{"@type":"@vocab"},"flowType":{"@type":"@vocab"},"distributionType":{"@type":"@vocab"},"parameterScope":{"@type":"@vocab"},"allocationType":{"@type":"@vocab"},"defaultAllocationMethod":{"@type":"@vocab"},"processType":{"@type":"@vocab"}},"@type":"FlowProperty","@id":"a819760a-7651-4579-a786-842f7575df60","name":"Erosion Resistance (Occ.)","category":{"@type":"Category","@id":"86863950-d175-4400-8cc2-c40511322f94","name":"Technical flow properties"},"version":"00.00.000","flowPropertyType":"PHYSICAL_QUANTITY","unitGroup":{"@type":"UnitGroup","@id":"93a60a57-a4c8-11da-a746-0800200c9a66","name":"Units of mass"}}