{"@context":{"@vocab":"http://openlca.org/schema/v1.0/","@base":"http://openlca.org/schema/v1.0/","modelType":{"@type":"@vocab"},"flowPropertyType":{"@type":"@vocab"},"flowType":{"@type":"@vocab"},"distributionType":{"@type":"@vocab"},"parameterScope":{"@type":"@vocab"},"allocationType":{"@type":"@vocab"},"defaultAllocationMethod":{"@type":"@vocab"},"processType":{"@type":"@vocab"}},"@type":"Location","@id":"5f02f088-9301-3d7b-a1ac-972c11bf3e7d","name":"Germany","description":"reference location, sources: ISO 3166-1, ecoinvent 3, ILCD, GaBi","code":"DE","latitude":51.11,"longitude":9.851}