{"@context":{"@vocab":"http://openlca.org/schema/v1.0/","@base":"http://openlca.org/schema/v1.0/","modelType":{"@type":"@vocab"},"flowPropertyType":{"@type":"@vocab"},"flowType":{"@type":"@vocab"},"distributionType":{"@type":"@vocab"},"parameterScope":{"@type":"@vocab"},"allocationType":{"@type":"@vocab"},"defaultAllocationMethod":{"@type":"@vocab"},"processType":{"@type":"@vocab"}},"@type":"Location","@id":"817ed804-f0ed-3175-b39d-7576a1c242b1","name":"Europe without Switzerland","description":"reference location, sources:  ecoinvent 3","code":"Europe without Switzerland","latitude":48.5975083916,"longitude":6.42110325623}