{"@context":{"@vocab":"http://openlca.org/schema/v1.0/","@base":"http://openlca.org/schema/v1.0/","modelType":{"@type":"@vocab"},"flowPropertyType":{"@type":"@vocab"},"flowType":{"@type":"@vocab"},"distributionType":{"@type":"@vocab"},"parameterScope":{"@type":"@vocab"},"allocationType":{"@type":"@vocab"},"defaultAllocationMethod":{"@type":"@vocab"},"processType":{"@type":"@vocab"}},"@type":"Location","@id":"8ebf61e1-cf59-357c-b93d-225d0ccb7181","name":"European Network of Transmission Systems Operators for Electricity","description":"reference location, sources:  ecoinvent 3","code":"ENTSO-E","latitude":49.751082,"longitude":13.560404}