{"@context":{"@vocab":"http://openlca.org/schema/v1.0/","@base":"http://openlca.org/schema/v1.0/","modelType":{"@type":"@vocab"},"flowPropertyType":{"@type":"@vocab"},"flowType":{"@type":"@vocab"},"distributionType":{"@type":"@vocab"},"parameterScope":{"@type":"@vocab"},"allocationType":{"@type":"@vocab"},"defaultAllocationMethod":{"@type":"@vocab"},"processType":{"@type":"@vocab"}},"@type":"Flow","@id":"151fa3dc-a728-3230-bac4-ffb0ede36963","name":"cable, network cable, category 5, without plugs","description":"EcoSpold 2 intermediate exchange, ID \u003d 103bb584-a95b-4227-988e-fcd3e2507c3e","category":{"@type":"Category","@id":"217c4940-42b3-4bc6-a792-555146794ef2","name":"2610:Manufacture of electronic components and boards"},"version":"00.00.000","flowType":"PRODUCT_FLOW","location":{"@type":"Location","@id":"56bca136-90bb-3a77-9abb-7ce558af711e","name":"Global"},"flowProperties":[{"@type":"FlowPropertyFactor","referenceFlowProperty":true,"flowProperty":{"@type":"FlowProperty","@id":"838aaa23-0117-11db-92e3-0800200c9a66","name":"Length"},"conversionFactor":1.0}]}