{"@context":{"@vocab":"http://openlca.org/schema/v1.0/","@base":"http://openlca.org/schema/v1.0/","modelType":{"@type":"@vocab"},"flowPropertyType":{"@type":"@vocab"},"flowType":{"@type":"@vocab"},"distributionType":{"@type":"@vocab"},"parameterScope":{"@type":"@vocab"},"allocationType":{"@type":"@vocab"},"defaultAllocationMethod":{"@type":"@vocab"},"processType":{"@type":"@vocab"}},"@type":"Flow","@id":"1c4fa082-5476-3d49-ab18-9b7823a1c2ac","name":"glued laminated timber, for indoor use","description":"EcoSpold 2 intermediate exchange, ID \u003d ad13bd43-a99d-4d74-b4a0-63958aaca9c2","category":{"@type":"Category","@id":"830f5a9b-5934-4edd-b754-92e2af926925","name":"1621:Manufacture of veneer sheets and wood-based panels"},"version":"00.00.000","flowType":"PRODUCT_FLOW","location":{"@type":"Location","@id":"d66c264e-1dbd-33e6-911d-3ffc70908e8e","name":"Europe"},"flowProperties":[{"@type":"FlowPropertyFactor","referenceFlowProperty":true,"flowProperty":{"@type":"FlowProperty","@id":"93a60a56-a3c8-22da-a746-0800200c9a66","name":"Volume"},"conversionFactor":1.0}]}