{"@context":{"@vocab":"http://openlca.org/schema/v1.0/","@base":"http://openlca.org/schema/v1.0/","modelType":{"@type":"@vocab"},"flowPropertyType":{"@type":"@vocab"},"flowType":{"@type":"@vocab"},"distributionType":{"@type":"@vocab"},"parameterScope":{"@type":"@vocab"},"allocationType":{"@type":"@vocab"},"defaultAllocationMethod":{"@type":"@vocab"},"processType":{"@type":"@vocab"}},"@type":"Flow","@id":"2d8e1f58-8079-353a-a95b-d4502d720b48","name":"photovoltaic laminate, CIS","description":"EcoSpold 2 intermediate exchange, ID \u003d 97ee3bfa-7894-4353-9208-c2bf1ae1dce1","category":{"@type":"Category","@id":"217c4940-42b3-4bc6-a792-555146794ef2","name":"2610:Manufacture of electronic components and boards"},"version":"00.00.000","flowType":"PRODUCT_FLOW","location":{"@type":"Location","@id":"5f02f088-9301-3d7b-a1ac-972c11bf3e7d","name":"Germany"},"flowProperties":[{"@type":"FlowPropertyFactor","referenceFlowProperty":true,"flowProperty":{"@type":"FlowProperty","@id":"93a60a56-a3c8-19da-a746-0800200c9a66","name":"Area"},"conversionFactor":1.0}]}