{"@context":{"@vocab":"http://openlca.org/schema/v1.0/","@base":"http://openlca.org/schema/v1.0/","modelType":{"@type":"@vocab"},"flowPropertyType":{"@type":"@vocab"},"flowType":{"@type":"@vocab"},"distributionType":{"@type":"@vocab"},"parameterScope":{"@type":"@vocab"},"allocationType":{"@type":"@vocab"},"defaultAllocationMethod":{"@type":"@vocab"},"processType":{"@type":"@vocab"}},"@type":"Flow","@id":"2fb90d29-e0e8-356e-a91f-4bff500f2c70","name":"laser machining, metal, with CO2-laser, 2000W power","description":"EcoSpold 2 intermediate exchange, ID \u003d 404074c5-9468-4ecb-8b65-bbc53783fcda","category":{"@type":"Category","@id":"7d890754-3fe6-42a3-854f-7a085e1afe55","name":"2592:Treatment and coating of metals; machining"},"version":"00.00.000","flowType":"PRODUCT_FLOW","location":{"@type":"Location","@id":"d66c264e-1dbd-33e6-911d-3ffc70908e8e","name":"Europe"},"flowProperties":[{"@type":"FlowPropertyFactor","referenceFlowProperty":true,"flowProperty":{"@type":"FlowProperty","@id":"c0447923-0e60-4b3c-97c2-a86dddd9eea5","name":"Duration"},"conversionFactor":1.0}]}