{"@context":{"@vocab":"http://openlca.org/schema/v1.0/","@base":"http://openlca.org/schema/v1.0/","modelType":{"@type":"@vocab"},"flowPropertyType":{"@type":"@vocab"},"flowType":{"@type":"@vocab"},"distributionType":{"@type":"@vocab"},"parameterScope":{"@type":"@vocab"},"allocationType":{"@type":"@vocab"},"defaultAllocationMethod":{"@type":"@vocab"},"processType":{"@type":"@vocab"}},"@type":"Flow","@id":"47b94f34-28e2-3e5a-8be5-c768cf6b67b5","name":"concrete, normal","description":"EcoSpold 2 intermediate exchange, ID \u003d eee95138-58c8-4172-9b1f-754ba074325d","category":{"@type":"Category","@id":"c36823ef-e77b-48d9-8db2-fdc5fa6df73b","name":"2395:Manufacture of articles of concrete, cement and plaster"},"version":"00.00.000","flowType":"PRODUCT_FLOW","location":{"@type":"Location","@id":"d88fc6ed-f21e-3464-935f-f76288b84103","name":"Switzerland"},"flowProperties":[{"@type":"FlowPropertyFactor","referenceFlowProperty":true,"flowProperty":{"@type":"FlowProperty","@id":"93a60a56-a3c8-22da-a746-0800200c9a66","name":"Volume"},"conversionFactor":1.0}]}