{"@context":{"@vocab":"http://openlca.org/schema/v1.0/","@base":"http://openlca.org/schema/v1.0/","modelType":{"@type":"@vocab"},"flowPropertyType":{"@type":"@vocab"},"flowType":{"@type":"@vocab"},"distributionType":{"@type":"@vocab"},"parameterScope":{"@type":"@vocab"},"allocationType":{"@type":"@vocab"},"defaultAllocationMethod":{"@type":"@vocab"},"processType":{"@type":"@vocab"}},"@type":"Flow","@id":"4840dcc0-3dd4-3216-baaa-1cc7147ded08","name":"electricity, medium voltage","description":"EcoSpold 2 intermediate exchange, ID \u003d 759b89bd-3aa6-42ad-b767-5bb9ef5d331d","category":{"@type":"Category","@id":"790a02bd-dde2-4f82-a288-5cd3a48a2a8d","name":"3510:Electric power generation, transmission and distribution"},"version":"00.00.000","flowType":"PRODUCT_FLOW","location":{"@type":"Location","@id":"5f02f088-9301-3d7b-a1ac-972c11bf3e7d","name":"Germany"},"flowProperties":[{"@type":"FlowPropertyFactor","referenceFlowProperty":true,"flowProperty":{"@type":"FlowProperty","@id":"f6811440-ee37-11de-8a39-0800200c9a66","name":"Energy"},"conversionFactor":1.0}]}