{"@context":{"@vocab":"http://openlca.org/schema/v1.0/","@base":"http://openlca.org/schema/v1.0/","modelType":{"@type":"@vocab"},"flowPropertyType":{"@type":"@vocab"},"flowType":{"@type":"@vocab"},"distributionType":{"@type":"@vocab"},"parameterScope":{"@type":"@vocab"},"allocationType":{"@type":"@vocab"},"defaultAllocationMethod":{"@type":"@vocab"},"processType":{"@type":"@vocab"}},"@type":"Flow","@id":"4f8113bc-e8cd-3367-bbd3-a60d7a99ab95","name":"steel, low-alloyed","description":"EcoSpold 2 intermediate exchange, ID \u003d 817c3650-4fed-4ef2-b9b6-404a198834e6","category":{"@type":"Category","@id":"8084f242-dfd1-4755-83c9-961a598c29f1","name":"2410:Manufacture of basic iron and steel"},"version":"00.00.000","flowType":"PRODUCT_FLOW","location":{"@type":"Location","@id":"d66c264e-1dbd-33e6-911d-3ffc70908e8e","name":"Europe"},"flowProperties":[{"@type":"FlowPropertyFactor","referenceFlowProperty":true,"flowProperty":{"@type":"FlowProperty","@id":"93a60a56-a3c8-11da-a746-0800200b9a66","name":"Mass"},"conversionFactor":1.0}]}