{"@context":{"@vocab":"http://openlca.org/schema/v1.0/","@base":"http://openlca.org/schema/v1.0/","modelType":{"@type":"@vocab"},"flowPropertyType":{"@type":"@vocab"},"flowType":{"@type":"@vocab"},"distributionType":{"@type":"@vocab"},"parameterScope":{"@type":"@vocab"},"allocationType":{"@type":"@vocab"},"defaultAllocationMethod":{"@type":"@vocab"},"processType":{"@type":"@vocab"}},"@type":"Flow","@id":"9c3035a8-aaf0-3e00-8f2f-3f16131895c1","name":"seal, natural rubber based","description":"EcoSpold 2 intermediate exchange, ID \u003d 136f89b3-af52-4826-97f7-cc35f80f226f","category":{"@type":"Category","@id":"52276e1e-8f23-4a8e-93ff-94d073a623bb","name":"2029:Manufacture of other chemical products n.e.c."},"version":"00.00.000","flowType":"PRODUCT_FLOW","location":{"@type":"Location","@id":"5f02f088-9301-3d7b-a1ac-972c11bf3e7d","name":"Germany"},"flowProperties":[{"@type":"FlowPropertyFactor","referenceFlowProperty":true,"flowProperty":{"@type":"FlowProperty","@id":"93a60a56-a3c8-11da-a746-0800200b9a66","name":"Mass"},"conversionFactor":1.0}]}