{"@context":{"@vocab":"http://openlca.org/schema/v1.0/","@base":"http://openlca.org/schema/v1.0/","modelType":{"@type":"@vocab"},"flowPropertyType":{"@type":"@vocab"},"flowType":{"@type":"@vocab"},"distributionType":{"@type":"@vocab"},"parameterScope":{"@type":"@vocab"},"allocationType":{"@type":"@vocab"},"defaultAllocationMethod":{"@type":"@vocab"},"processType":{"@type":"@vocab"}},"@type":"Flow","@id":"bb13179a-75b9-3858-8662-e21b3e8329fb","name":"machine operation, diesel, \u003c 18.64 kW, generators","description":"EcoSpold 2 intermediate exchange, ID \u003d 637b1880-31ae-4205-ad16-064b9069a97c","category":{"@type":"Category","@id":"e0dc7476-65bc-47b8-92bd-81c191921767","name":"3510a: Electric power generation based on liquid fuels"},"version":"00.00.000","flowType":"PRODUCT_FLOW","location":{"@type":"Location","@id":"56bca136-90bb-3a77-9abb-7ce558af711e","name":"Global"},"flowProperties":[{"@type":"FlowPropertyFactor","referenceFlowProperty":true,"flowProperty":{"@type":"FlowProperty","@id":"c0447923-0e60-4b3c-97c2-a86dddd9eea5","name":"Duration"},"conversionFactor":1.0}]}