{"@context":{"@vocab":"http://openlca.org/schema/v1.0/","@base":"http://openlca.org/schema/v1.0/","modelType":{"@type":"@vocab"},"flowPropertyType":{"@type":"@vocab"},"flowType":{"@type":"@vocab"},"distributionType":{"@type":"@vocab"},"parameterScope":{"@type":"@vocab"},"allocationType":{"@type":"@vocab"},"defaultAllocationMethod":{"@type":"@vocab"},"processType":{"@type":"@vocab"}},"@type":"Flow","@id":"c984cfe7-4c61-318f-bb5a-30ee36a1e31d","name":"machine operation, diesel, \u003c 18.64 kW, steady-state","description":"EcoSpold 2 intermediate exchange, ID \u003d 6fd6b3c8-1ee7-4a23-8291-e3f0f22f22a7","category":{"@type":"Category","@id":"77e7e64f-a2eb-47ba-8707-d7c746fa7e59","name":"4312:Site preparation"},"version":"00.00.000","flowType":"PRODUCT_FLOW","location":{"@type":"Location","@id":"56bca136-90bb-3a77-9abb-7ce558af711e","name":"Global"},"flowProperties":[{"@type":"FlowPropertyFactor","referenceFlowProperty":true,"flowProperty":{"@type":"FlowProperty","@id":"c0447923-0e60-4b3c-97c2-a86dddd9eea5","name":"Duration"},"conversionFactor":1.0}]}