{"@context":{"@vocab":"http://openlca.org/schema/v1.0/","@base":"http://openlca.org/schema/v1.0/","modelType":{"@type":"@vocab"},"flowPropertyType":{"@type":"@vocab"},"flowType":{"@type":"@vocab"},"distributionType":{"@type":"@vocab"},"parameterScope":{"@type":"@vocab"},"allocationType":{"@type":"@vocab"},"defaultAllocationMethod":{"@type":"@vocab"},"processType":{"@type":"@vocab"}},"@type":"Flow","@id":"cefabe1b-056d-3f6d-bb08-0b05aaf40162","name":"anodising, aluminium sheet","description":"EcoSpold 2 intermediate exchange, ID \u003d a399e4d1-d876-4cb0-81c2-7682a5c9e274","category":{"@type":"Category","@id":"7d890754-3fe6-42a3-854f-7a085e1afe55","name":"2592:Treatment and coating of metals; machining"},"version":"00.00.000","flowType":"PRODUCT_FLOW","location":{"@type":"Location","@id":"d66c264e-1dbd-33e6-911d-3ffc70908e8e","name":"Europe"},"flowProperties":[{"@type":"FlowPropertyFactor","referenceFlowProperty":true,"flowProperty":{"@type":"FlowProperty","@id":"93a60a56-a3c8-19da-a746-0800200c9a66","name":"Area"},"conversionFactor":1.0}]}