{"@context":{"@vocab":"http://openlca.org/schema/v1.0/","@base":"http://openlca.org/schema/v1.0/","modelType":{"@type":"@vocab"},"flowPropertyType":{"@type":"@vocab"},"flowType":{"@type":"@vocab"},"distributionType":{"@type":"@vocab"},"parameterScope":{"@type":"@vocab"},"allocationType":{"@type":"@vocab"},"defaultAllocationMethod":{"@type":"@vocab"},"processType":{"@type":"@vocab"}},"@type":"Category","@id":"65632802-cee7-4319-b270-b7dfe66bcabd","name":"in water","modelType":"FLOW","parentCategory":{"@type":"Category","@id":"3095c63c-7962-4086-a0d7-df4fd38c2e68","name":"resource"}}