{"@context":{"@vocab":"http://openlca.org/schema/v1.0/","@base":"http://openlca.org/schema/v1.0/","modelType":{"@type":"@vocab"},"flowPropertyType":{"@type":"@vocab"},"flowType":{"@type":"@vocab"},"distributionType":{"@type":"@vocab"},"parameterScope":{"@type":"@vocab"},"allocationType":{"@type":"@vocab"},"defaultAllocationMethod":{"@type":"@vocab"},"processType":{"@type":"@vocab"}},"@type":"UnitGroup","@id":"838aaa21-0117-11db-92e3-0800200c9a66","name":"Units of mass*length","category":{"@type":"Category","@id":"e38f841d-bc83-49a3-ab86-2783de8cebfb","name":"Technical unit groups"},"version":"00.00.000","defaultFlowProperty":{"@type":"FlowProperty","@id":"838aaa20-0117-11db-92e3-0800200c9a66","name":"Goods transport (mass*distance)"},"units":[{"@type":"Unit","@id":"0dea4ed8-bb6b-4049-b2b4-b2c413ef2180","name":"t*km","description":"Metric ton-kilometer","referenceUnit":true,"conversionFactor":1.0,"synonyms":["tkm"]},{"@type":"Unit","@id":"3cc51ae9-b993-4a3d-964e-0aed8d7f3966","name":"t*mi","description":"Metric ton times international mile","conversionFactor":1.6},{"@type":"Unit","@id":"5458351a-f6f7-4e0b-a449-823c9b6374db","name":"lb*mi","description":"British pound (avoirdupois) times international mile","conversionFactor":7.29986E-4},{"@type":"Unit","@id":"7dd57df4-c092-41aa-966e-c93a27797ea1","name":"t*nmi","description":"Metric ton times nautical mile","conversionFactor":1.85},{"@type":"Unit","@id":"a40229e6-7275-42e3-a304-23d590044770","name":"kg*km","description":"Kilogram-kilometer","conversionFactor":0.001,"synonyms":["kgkm"]},{"@type":"Unit","@id":"d24270f0-c1f2-49ec-a6bf-e86a74177070","name":"lb*nmi","description":"British pound (avoirdupois) times nautical mile","conversionFactor":8.40053E-4},{"@type":"Unit","@id":"5458351a-f6f7-4e0b-a449-823c9b6374db","name":"lb*mi","description":"British pound (avoirdupois) times international mile","conversionFactor":7.3E-4},{"@type":"Unit","@id":"0dea4ed8-bb6b-4049-b2b4-b2c413ef2180","name":"t*km","description":"Metric tonne-kilometre","conversionFactor":1.0,"synonyms":["tkm"]},{"@type":"Unit","@id":"3cc51ae9-b993-4a3d-964e-0aed8d7f3966","name":"t*mi","description":"Metric tonne times international mile","conversionFactor":1.6},{"@type":"Unit","@id":"d24270f0-c1f2-49ec-a6bf-e86a74177070","name":"lb*nmi","description":"British pound (avoirdupois) times nautical mile","conversionFactor":8.4E-4},{"@type":"Unit","@id":"a1a47f82-68da-442b-9d9f-f8b1717dbe32","name":"t*mi","description":"Tonnes * mile","conversionFactor":1.45,"synonyms":["tmi*"]},{"@type":"Unit","@id":"097768e6-0763-4126-a253-e323cafdf77e","name":"kt*km","description":"Kilotonne * kilometre","conversionFactor":1000.0,"synonyms":["ktkm"]},{"@type":"Unit","@id":"7dd57df4-c092-41aa-966e-c93a27797ea1","name":"t*nmi","description":"Metric tonne times nautical mile","conversionFactor":1.85},{"@type":"Unit","@id":"a40229e6-7275-42e3-a304-23d590044770","name":"kg*km","description":"Kilogram-kilometre","conversionFactor":0.001,"synonyms":["kgkm","kgkm"]}]}