{"@context":{"@vocab":"http://openlca.org/schema/v1.0/","@base":"http://openlca.org/schema/v1.0/","modelType":{"@type":"@vocab"},"flowPropertyType":{"@type":"@vocab"},"flowType":{"@type":"@vocab"},"distributionType":{"@type":"@vocab"},"parameterScope":{"@type":"@vocab"},"allocationType":{"@type":"@vocab"},"defaultAllocationMethod":{"@type":"@vocab"},"processType":{"@type":"@vocab"}},"@type":"Process","@id":"317cc103-9b3a-427a-a93a-941bc8ff480e","name":"Steel wire rope WC","description":"","category":{"@type":"Category","@id":"3861e758-3ad8-439b-a849-aaac501a44a0","name":"2: Level 2"},"version":"00.00.003","lastChange":"2015-08-20T15:44:11.286+02:00","processTyp":"UNIT_PROCESS","location":{"@type":"Location","@id":"d88fc6ed-f21e-3464-935f-f76288b84103","name":"Switzerland"},"processDocumentation":{"@type":"ProcessDocumentation","copyright":false,"creationDate":"2015-08-05T15:05:18.053+02:00"},"exchanges":[{"@type":"Exchange","avoidedProduct":false,"input":false,"amount":1.0,"flow":{"@type":"Flow","@id":"3a13373a-8944-402a-98f4-190122207d7b","name":"Steel wire rope WC"},"unit":{"@type":"Unit","@id":"3d314eab-ef11-4ff3-a35e-9bc5cd858694","name":"m"},"flowProperty":{"@type":"FlowProperty","@id":"838aaa23-0117-11db-92e3-0800200c9a66","name":"Length"},"quantitativeReference":true},{"@type":"Exchange","avoidedProduct":false,"input":true,"amount":0.055,"flow":{"@type":"Flow","@id":"62272fc2-4ad4-3990-927d-a00999295541","name":"wire drawing, steel"},"unit":{"@type":"Unit","@id":"20aadc24-a391-41cf-b340-3e4529f44bde","name":"kg"},"flowProperty":{"@type":"FlowProperty","@id":"93a60a56-a3c8-11da-a746-0800200b9a66","name":"Mass"}},{"@type":"Exchange","avoidedProduct":false,"input":true,"amount":0.055,"flow":{"@type":"Flow","@id":"af3c9d21-5f08-322c-b20d-89112998db55","name":"steel, chromium steel 18/8"},"unit":{"@type":"Unit","@id":"20aadc24-a391-41cf-b340-3e4529f44bde","name":"kg"},"flowProperty":{"@type":"FlowProperty","@id":"93a60a56-a3c8-11da-a746-0800200b9a66","name":"Mass"}},{"@type":"Exchange","avoidedProduct":false,"input":true,"amount":11.0,"amountFormula":"0.055*200","flow":{"@type":"Flow","@id":"f12ac614-9f43-3705-822a-987f006a9165","name":"transport, freight, loryy \u003e32 metric ton, EURO6"},"unit":{"@type":"Unit","@id":"a40229e6-7275-42e3-a304-23d590044770","name":"kg*km"},"flowProperty":{"@type":"FlowProperty","@id":"838aaa20-0117-11db-92e3-0800200c9a66","name":"Goods transport (mass*distance)"}}]}