{"@context":{"@vocab":"http://openlca.org/schema/v1.0/","@base":"http://openlca.org/schema/v1.0/","modelType":{"@type":"@vocab"},"flowPropertyType":{"@type":"@vocab"},"flowType":{"@type":"@vocab"},"distributionType":{"@type":"@vocab"},"parameterScope":{"@type":"@vocab"},"allocationType":{"@type":"@vocab"},"defaultAllocationMethod":{"@type":"@vocab"},"processType":{"@type":"@vocab"}},"@type":"Process","@id":"4ed2473e-0dac-4525-bafa-312701d10f70","name":"HONR Solar panel","description":"Glue:\n- 20ml for PV film to sheet\n- 8.3ml for panel adapter to sheet","category":{"@type":"Category","@id":"0b448f5c-ae7d-4292-b3bc-bb6fa3b6adc6","name":"1: Level 1"},"version":"00.00.005","lastChange":"2015-11-13T21:58:28.181+01:00","processTyp":"UNIT_PROCESS","location":{"@type":"Location","@id":"d88fc6ed-f21e-3464-935f-f76288b84103","name":"Switzerland"},"processDocumentation":{"@type":"ProcessDocumentation","copyright":false,"creationDate":"2015-11-13T20:39:27.080+01:00"},"exchanges":[{"@type":"Exchange","avoidedProduct":false,"input":false,"amount":1.0,"flow":{"@type":"Flow","@id":"1ac2a157-3ca2-4d57-84c3-1ddfeba1eb01","name":"HONR Solar panel"},"unit":{"@type":"Unit","@id":"6dabe201-aaac-4509-92f0-d00c26cb72ab","name":"Item(s)"},"flowProperty":{"@type":"FlowProperty","@id":"01846770-4cfe-4a25-8ad9-919d8d378345","name":"Number of items"},"quantitativeReference":true},{"@type":"Exchange","avoidedProduct":false,"input":true,"amount":0.16,"flow":{"@type":"Flow","@id":"8de744f8-1dfb-4924-98b8-e0f7ce4238e6","name":"PV film"},"unit":{"@type":"Unit","@id":"3ce61faa-5716-41c1-aef6-b5920054acc9","name":"m2"},"flowProperty":{"@type":"FlowProperty","@id":"93a60a56-a3c8-19da-a746-0800200c9a66","name":"Area"}},{"@type":"Exchange","avoidedProduct":false,"input":true,"amount":0.16,"flow":{"@type":"Flow","@id":"bf0239d5-cbb1-4050-b4a6-eb4186f139f6","name":"Aluminum sheet for PV film"},"unit":{"@type":"Unit","@id":"3ce61faa-5716-41c1-aef6-b5920054acc9","name":"m2"},"flowProperty":{"@type":"FlowProperty","@id":"93a60a56-a3c8-19da-a746-0800200c9a66","name":"Area"}},{"@type":"Exchange","avoidedProduct":false,"input":true,"amount":10.0,"flow":{"@type":"Flow","@id":"e743b929-9e08-4dbf-a647-cb89493fb97b","name":"Glue 2 comp"},"unit":{"@type":"Unit","@id":"81696a66-6919-4bbb-a3ab-c79b2900de7d","name":"ml"},"flowProperty":{"@type":"FlowProperty","@id":"93a60a56-a3c8-22da-a746-0800200c9a66","name":"Volume"}},{"@type":"Exchange","avoidedProduct":false,"input":true,"amount":8.3,"flow":{"@type":"Flow","@id":"e743b929-9e08-4dbf-a647-cb89493fb97b","name":"Glue 2 comp"},"unit":{"@type":"Unit","@id":"81696a66-6919-4bbb-a3ab-c79b2900de7d","name":"ml"},"flowProperty":{"@type":"FlowProperty","@id":"93a60a56-a3c8-22da-a746-0800200c9a66","name":"Volume"}},{"@type":"Exchange","avoidedProduct":false,"input":true,"amount":1.0,"flow":{"@type":"Flow","@id":"f15cd89a-a448-42bb-969c-5892aa602943","name":"Panel adapter"},"unit":{"@type":"Unit","@id":"6dabe201-aaac-4509-92f0-d00c26cb72ab","name":"Item(s)"},"flowProperty":{"@type":"FlowProperty","@id":"01846770-4cfe-4a25-8ad9-919d8d378345","name":"Number of items"}},{"@type":"Exchange","avoidedProduct":false,"input":true,"amount":1.0,"flow":{"@type":"Flow","@id":"05030dd4-9661-4e6d-a802-90e7ec3f8388","name":"Bypass diode junction box"},"unit":{"@type":"Unit","@id":"6dabe201-aaac-4509-92f0-d00c26cb72ab","name":"Item(s)"},"flowProperty":{"@type":"FlowProperty","@id":"01846770-4cfe-4a25-8ad9-919d8d378345","name":"Number of items"}}]}