{"@context":{"@vocab":"http://openlca.org/schema/v1.0/","@base":"http://openlca.org/schema/v1.0/","modelType":{"@type":"@vocab"},"flowPropertyType":{"@type":"@vocab"},"flowType":{"@type":"@vocab"},"distributionType":{"@type":"@vocab"},"parameterScope":{"@type":"@vocab"},"allocationType":{"@type":"@vocab"},"defaultAllocationMethod":{"@type":"@vocab"},"processType":{"@type":"@vocab"}},"@type":"Process","@id":"551572f5-52f0-497b-8ac6-1ddc5dd67b3d","name":"ASF A","description":"Adaptive Solar Facade A\n----------------------------\nheight \u003d 2.70m\nwidth \u003d 3.32m\narea \u003d 8.96m2","category":{"@type":"Category","@id":"91356c7c-1874-4ae9-a862-f39509d904a7","name":"0: Level 0"},"version":"00.00.007","lastChange":"2015-08-06T14:25:38.362+02:00","processTyp":"UNIT_PROCESS","location":{"@type":"Location","@id":"d88fc6ed-f21e-3464-935f-f76288b84103","name":"Switzerland"},"processDocumentation":{"@type":"ProcessDocumentation","copyright":false,"creationDate":"2015-08-05T11:27:11.103+02:00"},"exchanges":[{"@type":"Exchange","avoidedProduct":false,"input":false,"amount":1.0,"flow":{"@type":"Flow","@id":"44a8d121-bf89-4a51-be92-50895250a046","name":"ASF A"},"unit":{"@type":"Unit","@id":"6dabe201-aaac-4509-92f0-d00c26cb72ab","name":"Item(s)"},"flowProperty":{"@type":"FlowProperty","@id":"01846770-4cfe-4a25-8ad9-919d8d378345","name":"Number of items"},"quantitativeReference":true},{"@type":"Exchange","avoidedProduct":false,"input":true,"amount":1.0,"flow":{"@type":"Flow","@id":"e1c053c8-a933-439e-83c8-c1e1b154072b","name":"Steel frame"},"unit":{"@type":"Unit","@id":"6dabe201-aaac-4509-92f0-d00c26cb72ab","name":"Item(s)"},"flowProperty":{"@type":"FlowProperty","@id":"01846770-4cfe-4a25-8ad9-919d8d378345","name":"Number of items"}},{"@type":"Exchange","avoidedProduct":false,"input":true,"amount":1.0,"flow":{"@type":"Flow","@id":"891c47d6-e121-44b2-b254-19c41b4d8989","name":"Control and electronic systems"},"unit":{"@type":"Unit","@id":"6dabe201-aaac-4509-92f0-d00c26cb72ab","name":"Item(s)"},"flowProperty":{"@type":"FlowProperty","@id":"01846770-4cfe-4a25-8ad9-919d8d378345","name":"Number of items"}},{"@type":"Exchange","avoidedProduct":false,"input":true,"amount":1.0,"flow":{"@type":"Flow","@id":"d5ffc1b6-11a1-4b63-a5a6-19c7eaa47159","name":"Assembling ASF"},"unit":{"@type":"Unit","@id":"6dabe201-aaac-4509-92f0-d00c26cb72ab","name":"Item(s)"},"flowProperty":{"@type":"FlowProperty","@id":"01846770-4cfe-4a25-8ad9-919d8d378345","name":"Number of items"}},{"@type":"Exchange","avoidedProduct":false,"input":true,"amount":36.0,"flow":{"@type":"Flow","@id":"3443c576-66ab-4125-8ac4-79270a7aa22f","name":"Cantilever bracket"},"unit":{"@type":"Unit","@id":"6dabe201-aaac-4509-92f0-d00c26cb72ab","name":"Item(s)"},"flowProperty":{"@type":"FlowProperty","@id":"01846770-4cfe-4a25-8ad9-919d8d378345","name":"Number of items"}},{"@type":"Exchange","avoidedProduct":false,"input":true,"amount":36.0,"flow":{"@type":"Flow","@id":"3d0f77a5-828d-4f37-b2b7-103963757dad","name":"Solar panel"},"unit":{"@type":"Unit","@id":"6dabe201-aaac-4509-92f0-d00c26cb72ab","name":"Item(s)"},"flowProperty":{"@type":"FlowProperty","@id":"01846770-4cfe-4a25-8ad9-919d8d378345","name":"Number of items"}},{"@type":"Exchange","avoidedProduct":false,"input":true,"amount":36.0,"flow":{"@type":"Flow","@id":"6e1da5f0-c582-4132-a167-40607cb3de22","name":"Actuator"},"unit":{"@type":"Unit","@id":"6dabe201-aaac-4509-92f0-d00c26cb72ab","name":"Item(s)"},"flowProperty":{"@type":"FlowProperty","@id":"01846770-4cfe-4a25-8ad9-919d8d378345","name":"Number of items"}}]}