{"@context":{"@vocab":"http://openlca.org/schema/v1.0/","@base":"http://openlca.org/schema/v1.0/","modelType":{"@type":"@vocab"},"flowPropertyType":{"@type":"@vocab"},"flowType":{"@type":"@vocab"},"distributionType":{"@type":"@vocab"},"parameterScope":{"@type":"@vocab"},"allocationType":{"@type":"@vocab"},"defaultAllocationMethod":{"@type":"@vocab"},"processType":{"@type":"@vocab"}},"@type":"Process","@id":"7e024728-5fad-472a-bfcb-9404574f9490","name":"Steel ring","description":"","category":{"@type":"Category","@id":"3861e758-3ad8-439b-a849-aaac501a44a0","name":"2: Level 2"},"version":"00.00.003","lastChange":"2015-08-20T15:43:42.272+02:00","processTyp":"UNIT_PROCESS","location":{"@type":"Location","@id":"d88fc6ed-f21e-3464-935f-f76288b84103","name":"Switzerland"},"processDocumentation":{"@type":"ProcessDocumentation","copyright":false,"creationDate":"2015-08-05T14:04:09.711+02:00"},"exchanges":[{"@type":"Exchange","avoidedProduct":false,"input":false,"amount":1.0,"flow":{"@type":"Flow","@id":"5e670cc8-592f-45af-9b9f-825379a21f3c","name":"Steel ring"},"unit":{"@type":"Unit","@id":"6dabe201-aaac-4509-92f0-d00c26cb72ab","name":"Item(s)"},"flowProperty":{"@type":"FlowProperty","@id":"01846770-4cfe-4a25-8ad9-919d8d378345","name":"Number of items"},"quantitativeReference":true},{"@type":"Exchange","avoidedProduct":false,"input":true,"amount":0.1,"flow":{"@type":"Flow","@id":"e4738782-1d3d-3f74-9842-38fa06b71898","name":"steel, chromium steel 18/8, hot rolled"},"unit":{"@type":"Unit","@id":"20aadc24-a391-41cf-b340-3e4529f44bde","name":"kg"},"flowProperty":{"@type":"FlowProperty","@id":"93a60a56-a3c8-11da-a746-0800200b9a66","name":"Mass"}},{"@type":"Exchange","avoidedProduct":false,"input":true,"amount":10.0,"flow":{"@type":"Flow","@id":"dafa81f8-3cae-3c69-a953-a74cda42fb35","name":"laser machining, metal, with CO2-laser, 6000W power"},"unit":{"@type":"Unit","@id":"845178d8-3f2c-497f-9ca6-3c5657c2823c","name":"s"},"flowProperty":{"@type":"FlowProperty","@id":"c0447923-0e60-4b3c-97c2-a86dddd9eea5","name":"Duration"}},{"@type":"Exchange","avoidedProduct":false,"input":true,"amount":20.0,"amountFormula":"0.1*200","flow":{"@type":"Flow","@id":"f12ac614-9f43-3705-822a-987f006a9165","name":"transport, freight, loryy \u003e32 metric ton, EURO6"},"unit":{"@type":"Unit","@id":"a40229e6-7275-42e3-a304-23d590044770","name":"kg*km"},"flowProperty":{"@type":"FlowProperty","@id":"838aaa20-0117-11db-92e3-0800200c9a66","name":"Goods transport (mass*distance)"}}]}