{"@context":{"@vocab":"http://openlca.org/schema/v1.0/","@base":"http://openlca.org/schema/v1.0/","modelType":{"@type":"@vocab"},"flowPropertyType":{"@type":"@vocab"},"flowType":{"@type":"@vocab"},"distributionType":{"@type":"@vocab"},"parameterScope":{"@type":"@vocab"},"allocationType":{"@type":"@vocab"},"defaultAllocationMethod":{"@type":"@vocab"},"processType":{"@type":"@vocab"}},"@type":"Process","@id":"a4617090-fbe6-49a9-9357-9b6f97e30682","name":"Falsework roof","description":"","category":{"@type":"Category","@id":"91356c7c-1874-4ae9-a862-f39509d904a7","name":"0: Level 0"},"version":"00.00.003","lastChange":"2015-11-13T20:05:06.603+01:00","processTyp":"UNIT_PROCESS","location":{"@type":"Location","@id":"d88fc6ed-f21e-3464-935f-f76288b84103","name":"Switzerland"},"processDocumentation":{"@type":"ProcessDocumentation","copyright":false,"creationDate":"2015-11-13T19:56:31.282+01:00"},"exchanges":[{"@type":"Exchange","avoidedProduct":false,"input":false,"amount":1.0,"flow":{"@type":"Flow","@id":"9f6df4ae-fff6-4399-adc3-6193cac50e04","name":"Falsework roof"},"unit":{"@type":"Unit","@id":"3ce61faa-5716-41c1-aef6-b5920054acc9","name":"m2"},"flowProperty":{"@type":"FlowProperty","@id":"93a60a56-a3c8-19da-a746-0800200c9a66","name":"Area"},"quantitativeReference":true},{"@type":"Exchange","avoidedProduct":false,"input":true,"amount":17090.0,"flow":{"@type":"Flow","@id":"c92d3a61-0eab-3730-a592-63311161848b","name":"transport, freight, lorry \u003e32 metric ton, EURO5"},"unit":{"@type":"Unit","@id":"a40229e6-7275-42e3-a304-23d590044770","name":"kg*km"},"flowProperty":{"@type":"FlowProperty","@id":"838aaa20-0117-11db-92e3-0800200c9a66","name":"Goods transport (mass*distance)"}},{"@type":"Exchange","avoidedProduct":false,"input":true,"amount":4.62,"flow":{"@type":"Flow","@id":"4f8113bc-e8cd-3367-bbd3-a60d7a99ab95","name":"steel, low-alloyed"},"unit":{"@type":"Unit","@id":"20aadc24-a391-41cf-b340-3e4529f44bde","name":"kg"},"flowProperty":{"@type":"FlowProperty","@id":"93a60a56-a3c8-11da-a746-0800200b9a66","name":"Mass"}},{"@type":"Exchange","avoidedProduct":false,"input":true,"amount":0.02833,"flow":{"@type":"Flow","@id":"1c4fa082-5476-3d49-ab18-9b7823a1c2ac","name":"glued laminated timber, for indoor use"},"unit":{"@type":"Unit","@id":"1c3a9695-398d-4b1f-b07e-a8715b610f70","name":"m3"},"flowProperty":{"@type":"FlowProperty","@id":"93a60a56-a3c8-22da-a746-0800200c9a66","name":"Volume"}},{"@type":"Exchange","avoidedProduct":false,"input":true,"amount":26.8,"flow":{"@type":"Flow","@id":"0a376b07-7bbd-32e3-a4f2-be5d5e299fb5","name":"polypropylene, granulate"},"unit":{"@type":"Unit","@id":"20aadc24-a391-41cf-b340-3e4529f44bde","name":"kg"},"flowProperty":{"@type":"FlowProperty","@id":"93a60a56-a3c8-11da-a746-0800200b9a66","name":"Mass"}},{"@type":"Exchange","avoidedProduct":false,"input":true,"amount":0.01077,"flow":{"@type":"Flow","@id":"21d60ba0-9b78-3569-bb09-0956b1edc642","name":"plywood, for outdoor use"},"unit":{"@type":"Unit","@id":"1c3a9695-398d-4b1f-b07e-a8715b610f70","name":"m3"},"flowProperty":{"@type":"FlowProperty","@id":"93a60a56-a3c8-22da-a746-0800200c9a66","name":"Volume"}}]}