{"@context":{"@vocab":"http://openlca.org/schema/v1.0/","@base":"http://openlca.org/schema/v1.0/","modelType":{"@type":"@vocab"},"flowPropertyType":{"@type":"@vocab"},"flowType":{"@type":"@vocab"},"distributionType":{"@type":"@vocab"},"parameterScope":{"@type":"@vocab"},"allocationType":{"@type":"@vocab"},"defaultAllocationMethod":{"@type":"@vocab"},"processType":{"@type":"@vocab"}},"@type":"Process","@id":"afbdf3eb-55ca-43c9-87f8-3a4887475b20","name":"HONR Steel frame","description":"","category":{"@type":"Category","@id":"0b448f5c-ae7d-4292-b3bc-bb6fa3b6adc6","name":"1: Level 1"},"version":"00.00.005","lastChange":"2015-11-13T22:23:57.839+01:00","processTyp":"UNIT_PROCESS","processDocumentation":{"@type":"ProcessDocumentation","copyright":false,"creationDate":"2015-11-13T20:40:14.972+01:00"},"exchanges":[{"@type":"Exchange","avoidedProduct":false,"input":false,"amount":1.0,"flow":{"@type":"Flow","@id":"8e82424d-1d28-42ed-a53c-97b219c508a4","name":"HONR Steel frame"},"unit":{"@type":"Unit","@id":"6dabe201-aaac-4509-92f0-d00c26cb72ab","name":"Item(s)"},"flowProperty":{"@type":"FlowProperty","@id":"01846770-4cfe-4a25-8ad9-919d8d378345","name":"Number of items"},"quantitativeReference":true},{"@type":"Exchange","avoidedProduct":false,"input":true,"amount":9.8,"amountFormula":"2*4.9","flow":{"@type":"Flow","@id":"18f8608e-90c9-4b7f-9b03-75cab9e08d55","name":"Steel bar L profile"},"unit":{"@type":"Unit","@id":"3d314eab-ef11-4ff3-a35e-9bc5cd858694","name":"m"},"flowProperty":{"@type":"FlowProperty","@id":"838aaa23-0117-11db-92e3-0800200c9a66","name":"Length"}},{"@type":"Exchange","avoidedProduct":false,"input":true,"amount":6.2,"amountFormula":"2*3.1","flow":{"@type":"Flow","@id":"b3b88333-484d-4b44-94b7-b887f000f636","name":"Steel bar U profile"},"unit":{"@type":"Unit","@id":"3d314eab-ef11-4ff3-a35e-9bc5cd858694","name":"m"},"flowProperty":{"@type":"FlowProperty","@id":"838aaa23-0117-11db-92e3-0800200c9a66","name":"Length"}},{"@type":"Exchange","avoidedProduct":false,"input":true,"amount":44.0,"flow":{"@type":"Flow","@id":"6d8b1912-241c-48e4-8987-1f44a0760c83","name":"Swaged external thread"},"unit":{"@type":"Unit","@id":"6dabe201-aaac-4509-92f0-d00c26cb72ab","name":"Item(s)"},"flowProperty":{"@type":"FlowProperty","@id":"01846770-4cfe-4a25-8ad9-919d8d378345","name":"Number of items"}},{"@type":"Exchange","avoidedProduct":false,"input":true,"amount":44.0,"flow":{"@type":"Flow","@id":"3a13373a-8944-402a-98f4-190122207d7b","name":"Steel wire rope WC"},"unit":{"@type":"Unit","@id":"3d314eab-ef11-4ff3-a35e-9bc5cd858694","name":"m"},"flowProperty":{"@type":"FlowProperty","@id":"838aaa23-0117-11db-92e3-0800200c9a66","name":"Length"}},{"@type":"Exchange","avoidedProduct":false,"input":true,"amount":54.0,"flow":{"@type":"Flow","@id":"e34e669b-da78-45ac-bdcc-1b66ebdfa99b","name":"Adjustable cross clamp"},"unit":{"@type":"Unit","@id":"6dabe201-aaac-4509-92f0-d00c26cb72ab","name":"Item(s)"},"flowProperty":{"@type":"FlowProperty","@id":"01846770-4cfe-4a25-8ad9-919d8d378345","name":"Number of items"}},{"@type":"Exchange","avoidedProduct":false,"input":true,"amount":44.0,"flow":{"@type":"Flow","@id":"c4b13f25-a2eb-468a-9b2b-049390e3c74f","name":"Post fitting for external thread"},"unit":{"@type":"Unit","@id":"6dabe201-aaac-4509-92f0-d00c26cb72ab","name":"Item(s)"},"flowProperty":{"@type":"FlowProperty","@id":"01846770-4cfe-4a25-8ad9-919d8d378345","name":"Number of items"}}]}