{"@context":{"@vocab":"http://openlca.org/schema/v1.0/","@base":"http://openlca.org/schema/v1.0/","modelType":{"@type":"@vocab"},"flowPropertyType":{"@type":"@vocab"},"flowType":{"@type":"@vocab"},"distributionType":{"@type":"@vocab"},"parameterScope":{"@type":"@vocab"},"allocationType":{"@type":"@vocab"},"defaultAllocationMethod":{"@type":"@vocab"},"processType":{"@type":"@vocab"}},"@type":"Process","@id":"bfea20b9-76f9-4d0b-b8e4-b576a2f82341","name":"Roof","description":"","category":{"@type":"Category","@id":"91356c7c-1874-4ae9-a862-f39509d904a7","name":"0: Level 0"},"version":"00.00.002","lastChange":"2015-11-13T19:42:17.173+01:00","processTyp":"UNIT_PROCESS","location":{"@type":"Location","@id":"d88fc6ed-f21e-3464-935f-f76288b84103","name":"Switzerland"},"processDocumentation":{"@type":"ProcessDocumentation","copyright":false,"creationDate":"2015-11-13T19:36:34.106+01:00"},"exchanges":[{"@type":"Exchange","avoidedProduct":false,"input":false,"amount":1.0,"flow":{"@type":"Flow","@id":"8ab7b13b-5546-4546-b5ce-b89c23bd1c62","name":"Roof"},"unit":{"@type":"Unit","@id":"3ce61faa-5716-41c1-aef6-b5920054acc9","name":"m2"},"flowProperty":{"@type":"FlowProperty","@id":"93a60a56-a3c8-19da-a746-0800200c9a66","name":"Area"},"quantitativeReference":true},{"@type":"Exchange","avoidedProduct":false,"input":true,"amount":0.96,"flow":{"@type":"Flow","@id":"67a20fda-1649-3647-a7ee-3b9d3a43532d","name":"glass fibre"},"unit":{"@type":"Unit","@id":"20aadc24-a391-41cf-b340-3e4529f44bde","name":"kg"},"flowProperty":{"@type":"FlowProperty","@id":"93a60a56-a3c8-11da-a746-0800200b9a66","name":"Mass"}},{"@type":"Exchange","avoidedProduct":false,"input":true,"amount":23.07,"flow":{"@type":"Flow","@id":"122235a6-b686-3887-9934-19e01bc3eba5","name":"polyurethane, rigid foam"},"unit":{"@type":"Unit","@id":"20aadc24-a391-41cf-b340-3e4529f44bde","name":"kg"},"flowProperty":{"@type":"FlowProperty","@id":"93a60a56-a3c8-11da-a746-0800200b9a66","name":"Mass"}},{"@type":"Exchange","avoidedProduct":false,"input":true,"amount":0.03555,"flow":{"@type":"Flow","@id":"47b94f34-28e2-3e5a-8be5-c768cf6b67b5","name":"concrete, normal"},"unit":{"@type":"Unit","@id":"1c3a9695-398d-4b1f-b07e-a8715b610f70","name":"m3"},"flowProperty":{"@type":"FlowProperty","@id":"93a60a56-a3c8-22da-a746-0800200c9a66","name":"Volume"}},{"@type":"Exchange","avoidedProduct":false,"input":true,"amount":12.27,"flow":{"@type":"Flow","@id":"4f8113bc-e8cd-3367-bbd3-a60d7a99ab95","name":"steel, low-alloyed"},"unit":{"@type":"Unit","@id":"20aadc24-a391-41cf-b340-3e4529f44bde","name":"kg"},"flowProperty":{"@type":"FlowProperty","@id":"93a60a56-a3c8-11da-a746-0800200b9a66","name":"Mass"}}]}