{"@context":{"@vocab":"http://openlca.org/schema/v1.0/","@base":"http://openlca.org/schema/v1.0/","modelType":{"@type":"@vocab"},"flowPropertyType":{"@type":"@vocab"},"flowType":{"@type":"@vocab"},"distributionType":{"@type":"@vocab"},"parameterScope":{"@type":"@vocab"},"allocationType":{"@type":"@vocab"},"defaultAllocationMethod":{"@type":"@vocab"},"processType":{"@type":"@vocab"}},"@type":"Process","@id":"cc4c6739-b36e-49b2-aeb4-c32f2a9e5ee9","name":"Mold floor","description":"","category":{"@type":"Category","@id":"91356c7c-1874-4ae9-a862-f39509d904a7","name":"0: Level 0"},"version":"00.00.001","lastChange":"2015-11-04T14:53:53.069+01:00","processTyp":"UNIT_PROCESS","processDocumentation":{"@type":"ProcessDocumentation","copyright":false,"creationDate":"2015-11-04T14:51:45.326+01:00"},"exchanges":[{"@type":"Exchange","avoidedProduct":false,"input":false,"amount":1.0,"flow":{"@type":"Flow","@id":"f42f8536-d949-43be-b85e-d26a91b0771d","name":"Mold floor"},"unit":{"@type":"Unit","@id":"3ce61faa-5716-41c1-aef6-b5920054acc9","name":"m2"},"flowProperty":{"@type":"FlowProperty","@id":"93a60a56-a3c8-19da-a746-0800200c9a66","name":"Area"},"quantitativeReference":true},{"@type":"Exchange","avoidedProduct":false,"input":true,"amount":0.06882,"flow":{"@type":"Flow","@id":"183c5939-dce1-3af2-b3d8-1d1fe4f9b0b5","name":"plywood, for indoor use"},"unit":{"@type":"Unit","@id":"1c3a9695-398d-4b1f-b07e-a8715b610f70","name":"m3"},"flowProperty":{"@type":"FlowProperty","@id":"93a60a56-a3c8-22da-a746-0800200c9a66","name":"Volume"}},{"@type":"Exchange","avoidedProduct":false,"input":true,"amount":21439.0,"flow":{"@type":"Flow","@id":"c92d3a61-0eab-3730-a592-63311161848b","name":"transport, freight, lorry \u003e32 metric ton, EURO5"},"unit":{"@type":"Unit","@id":"a40229e6-7275-42e3-a304-23d590044770","name":"kg*km"},"flowProperty":{"@type":"FlowProperty","@id":"838aaa20-0117-11db-92e3-0800200c9a66","name":"Goods transport (mass*distance)"}},{"@type":"Exchange","avoidedProduct":false,"input":true,"amount":5.64,"flow":{"@type":"Flow","@id":"072f3b83-430e-3641-bdd8-22b272d2b628","name":"polystyrene, expandable"},"unit":{"@type":"Unit","@id":"20aadc24-a391-41cf-b340-3e4529f44bde","name":"kg"},"flowProperty":{"@type":"FlowProperty","@id":"93a60a56-a3c8-11da-a746-0800200b9a66","name":"Mass"}}]}