{"@context":{"@vocab":"http://openlca.org/schema/v1.0/","@base":"http://openlca.org/schema/v1.0/","modelType":{"@type":"@vocab"},"flowPropertyType":{"@type":"@vocab"},"flowType":{"@type":"@vocab"},"distributionType":{"@type":"@vocab"},"parameterScope":{"@type":"@vocab"},"allocationType":{"@type":"@vocab"},"defaultAllocationMethod":{"@type":"@vocab"},"processType":{"@type":"@vocab"}},"@type":"Process","@id":"e49239fe-fa4e-4679-a7f2-da2958f7f56b","name":"c-Rio 9066, 8-slot, integrated 667Mhz","description":"","category":{"@type":"Category","@id":"3861e758-3ad8-439b-a849-aaac501a44a0","name":"2: Level 2"},"version":"00.00.003","lastChange":"2015-08-20T15:31:09.195+02:00","processTyp":"UNIT_PROCESS","location":{"@type":"Location","@id":"d88fc6ed-f21e-3464-935f-f76288b84103","name":"Switzerland"},"processDocumentation":{"@type":"ProcessDocumentation","copyright":false,"creationDate":"2015-08-05T15:54:58.825+02:00"},"exchanges":[{"@type":"Exchange","avoidedProduct":false,"input":false,"amount":1.0,"flow":{"@type":"Flow","@id":"56507f21-04e9-4f95-8bab-b8b46c433bdd","name":"c-Rio 9066, 8-slot, integrated 667Mhz"},"unit":{"@type":"Unit","@id":"6dabe201-aaac-4509-92f0-d00c26cb72ab","name":"Item(s)"},"flowProperty":{"@type":"FlowProperty","@id":"01846770-4cfe-4a25-8ad9-919d8d378345","name":"Number of items"},"quantitativeReference":true},{"@type":"Exchange","avoidedProduct":false,"input":true,"amount":0.637,"flow":{"@type":"Flow","@id":"f289e6a8-6575-35d6-9097-ca452737a758","name":"electronics, for control units"},"unit":{"@type":"Unit","@id":"20aadc24-a391-41cf-b340-3e4529f44bde","name":"kg"},"flowProperty":{"@type":"FlowProperty","@id":"93a60a56-a3c8-11da-a746-0800200b9a66","name":"Mass"}},{"@type":"Exchange","avoidedProduct":false,"input":true,"amount":127.4,"amountFormula":"0.637*200","flow":{"@type":"Flow","@id":"f12ac614-9f43-3705-822a-987f006a9165","name":"transport, freight, loryy \u003e32 metric ton, EURO6"},"unit":{"@type":"Unit","@id":"a40229e6-7275-42e3-a304-23d590044770","name":"kg*km"},"flowProperty":{"@type":"FlowProperty","@id":"838aaa20-0117-11db-92e3-0800200c9a66","name":"Goods transport (mass*distance)"}}]}